CODE_FAMILLE;CD_PARAMETRE;LB_PARAMETRE;NOM_PARAM2;CODE_FONCTION;STATUT;METABOLITE;PARENT;NOM_PARENT;CODE_CAS;DATE_NA_USAGE;FORMULEB;NORME_DCE;FONCTIONS
;6276;Somme pesticides analyses;Pesticides totaux;;;;;;Non renseigné;;;0.5;
;6824;N,N-Dimet-tolylsulphamid;DMST;;;;;;66840-71-9;;C9H14N2O2S;0.1;
;6856;Acetochlor ESA;t-sulfonic acid ;;;oui;1903;Acétochlore;187022-11-3;;C14H21NO5S;0.1;
;6862;Acetochlor OXA;t-oxanilic acid;;;oui;1903;Acétochlore;194992-44-4;;C14H19NO4;0.1;
;7514;Thiophanate-ethyl;;F;PNA;;;;23564-06-9;;C14H18N4O4S2;0.1;Fongicide
;7782;Desméthyl-chlortoluron;Desméthyl-chlortoluron;;PA;oui;1136;;22175-22-0;;C9H11ClN2O;0.1;
;9999;Total des substances (calculé);Total des substances;;;;;;Non renseigné;;;0.1;
;12143;Total des substances;Total des substances;;SO;;;;Non renseigné;;;0.1;
;99020;2,4 D (sel de dimethylamine);;;;;;;;;;0.1;
Aldéhydes et cétones;2076;Mésotrione;Mésotrione;H;PA;;;;104206-82-8;;C14H13NO7S;0.1;Herbicide
Amides;2;Mefluidide;Mefluidide;H;;;;;53780-34-0;2005-10-26;C11H13F3N2O3S;0.1;Herbicide
Amides;1414;Propyzamide;Propyzamide;H;PA;;;;23950-58-5;;C12H11Cl2NO;0.1;Herbicide
Amides;1519;Napropamide;Napropamide;H;PA;;;;15299-99-7;;C17H21NO2;0.1;Herbicide
Amides;1532;Propanil;Propanil;H;PNA;;;;709-98-8;2010-03-30;C9H9Cl2NO;0.1;Herbicide
Amides;1661;Tébutame;Tébutame;H;PNA;;;;35256-85-0;2003-12-31;C15H23NO;0.1;Herbicide
Amides;1670;Métazachlore;Métazachlore;H;PA;;;;67129-08-2;;C14H16ClN3O;0.1;Herbicide
Amides;1672;Isoxaben;Isoxaben;H;PA;;;;82558-50-7;;C18H24N2O4;0.1;Herbicide
Amides;1678;Dimethenamide;Dimethenamide;H;PNA;;;;87674-68-8;2008-06-22;C12H18ClNO2S;0.1;Herbicide
Amides;1687;Benalaxyl;Benalaxyl;F;PA;;;;71626-11-4;;C20H23NO3;0.1;Fongicide
Amides;1813;Chlorthiamide;Chlorthiamide;H;PNA;;;;1918-13-4;2003-12-31;C7H5Cl2NS;0.1;Herbicide
Amides;1843;Fenfurame;Fenfurame;F;PNA;;;;24691-80-3;2003-12-31;C12H11NO2;0.1;Fongicide
Amides;1903;Acétochlore;Acétochlore;H;PA;;;;34256-82-1;;C14H20ClNO2;0.1;Herbicide
Amides;1908;Furalaxyl;Furalaxyl;F;PNA;;;;57646-30-7;2003-12-31;C17H19NO4;0.1;Fongicide
Amides;1937;Naptalame;Naptalame;H;PNA;;;;132-66-1;2007-12-31;C18H13NO3;0.1;Herbicide
Amides;1940;Thiafluamide;flufenacet;H;PA;;;;142459-58-3;;C14H13F4N3O2S;0.1;Herbicide
Amides;1968;Mefenacet;mefenacet;H;PNA;;;;73250-68-7;;C16H14N2O2S;0.1;Herbicide
Amides;2011;2,6-dichlorobenzamide;2,6-dichlorobenzamide;;;oui;1679;Dichobenil;18181-70-9/2008-58-4;;C7H5Cl2NO;0.1;
Amides;2027;Ofurace;Ofurace;F;PNA;;;;58810-48-3;2003-12-31;C14H16ClNO3;0.1;Fongicide
Amides;2075;Fomesafen;Fomesafen;H;PNA;;;;72178-02-0;2007-12-31;C15H10ClF3N2O6S;0.1;Herbicide
Amides;2568;Méfluidide;;F;PA;;;;53780-34-0;2005-10-26;C11H13F3N2O3S;0.1;Fongicide
Amides;2743;Fenhexamid;;F;PA;;;;126833-17-8;;;0.1;Fongicide
Amides;2858;Zoxamide;;F;PA;;;;160171-18-6;;;0.1;Fongicide
Amides;2931;Acetamide;2-éthyl. 6-méthyl. 2-chloro acétanilide;H;PNA;;;;32428-71-0;;;0.1;Herbicide
Amides;2974;S-Metolachlore;;H;PA;;;;87392-12-9;;;0.1;Herbicide
Amides;2975;Carboxine;;F;PA;;;;5234-68-4;;;0.1;Fongicide
Amides;2985;Flutolanil;;F;PA;;;;66332-96-5;;;0.1;Fongicide
Amides;2987;Méfénoxam;;F;PA;;;;70630-17-0;;;0.1;Fongicide
Amides;3283;2-chloro-N-(2,6-diethylphenyl)-acetamide;;;;oui;1101;Alachlore;6967-29-9;;;0.1;
Amides;3285;Crotamiton;;I;PA;;;;483-63-6;;;0.1;Insecticide
Amides;3349;Methfuroxam;Fenfuroxam;F;;;;;28730-17-8;;C14-H15-N-O2;0.1;Fongicide
Amides;5617;Dimethenamid-P;Dimethenamid-P;H;PA;;;;163515-14-8;;;0.1;Herbicide
Amides;6393;Flonicamid;;I;PA;;;;158062-67-0;;;0.1;Insecticide
Amides;6394;Penoxsulam;;H;PA;;;;219714-96-2;;;0.1;Herbicide
Amides;6399;Mandipropamid;;F;PA;;;;374726-62-2;;;0.1;Fongicide
Amides;6662;Sulfluramid;;I,A;;;;;4151-50-2;;;0.1;Insecticide, Acaricide
Amides;6863;Flufenacet oxalate;;H;PA;;;;201668-31-7;;;0.1;Herbicide
Amides;6883;Acetochlor SAA;AcetoClSAA;H;;oui;1903;Acétochlore;;;C16-H23-N-O5-S;0.1;Herbicide
Amides;7147;Carpropamide;Carpropa;F;;;;;104030-54-8;;C15H18Cl3NO;0.1;Fongicide
Amides;7500;Chlorantraniliprole;Chlorantraniliprole;I;PA;;;;500008-45-7;;C18H14BrCl2N5O2;0.1;Insecticide
Amides;7522;Beflubutamide;Beflubutamide;H;PA;;;;113614-08-7;;C18H17F4NO2;0.1;Herbicide
Amides;7748;cyflufénamide;cyflufénamide;F;PA;;;;180409-60-3;;C20H17F5N2O2;0.1;Fongicide
Amides;99006;Fluthiamide;;H;;;;;;;;0.1;Herbicide
Amides;99008;2-chloro-N-(2,6-diethylphenyl)-acetamide;;;;oui;1101;Alachlore;6967-29-9;;;0.1;
Amines;1932;4-isopropylaniline;cumidine;;;oui;1208;Isoproturon;99-88-7;;C9H13N;0.1;
Amines;1943;2,6-diethylaniline;DEA;;;oui;1101;Alachlore;579-66-8;;C10H15N;0.1;
Amines;2013;Anthraquinone;Anthraquinone;RepO;PNA;;;;84-65-1;2010-06-15;C14H8O2;0.1;Répulsif
Amines;2664;Spiroxamine;;F;PA;;;;118134-30-8;;;0.1;Fongicide
Amines;2932;2-éthyl 6-méthylaniline;;;;oui;1221/1903;Métolachlore/Acétochlore;24549-06-2;;;0.1;
Amines;3334;Crimidine;;Ro;PA;;;;535-89-7;;C7-H10-Cl-N3;0.1;Rodenticide
Amines;5478;Diphenylamine;;F;PA;;;;122-39-4;;C12-H11-N;0.1;Fongicide
Amines;99004;2-éthyl. 6-méthyl. 2-chloro acétanilide;;;;;;;32428-71-0;;;0.1;
Amines;99005;2-éthyl, 6-méthylaniline;;;;oui;1221/1903;Métolachlore/Acétochlore;24549-06-2;;;0.1;
Autres éléments minéraux;5551;Chlorate de sodium;;H;PNA;;;; 7775-09-9;2010-10-10;;0.1;Herbicide
Autres éléments minéraux;5563;oxyde cuivreux;;F;;;;;1317-39-1;;;0.1;Fongicide
Autres éléments minéraux;5611;Sulfamate d'ammonium;;H;PNA;;;;7773-06-0;2008-06-30;;0.1;Herbicide
Azoles;1105;Aminotriazole;Aminotriazole;H;PA;;;;61-82-5;;C2H4N4;0.1;Herbicide
Azoles;1206;Iprodione;Iprodione;F;PA;;;;36734-19-7;;C13H13Cl2N3O3;0.1;Fongicide
Azoles;1253;Prochloraz;Prochloraz;F;PA;;;;67747-09-5;;C15H16Cl3N3O2;0.1;Fongicide
Azoles;1257;Propiconazole;Propiconazole;F;PA;;;;60207-90-1;;C15H17Cl2N3O2;0.1;Fongicide
Azoles;1280;Triadiménol;Triadiménol;F;PA;;;;55219-65-3;;C14H18ClN3O2;0.1;Fongicide
Azoles;1405;Hexaconazole;Hexaconazole;F;PNA;;;;79983-71-4;2008-06-30;C14H17Cl2N3O;0.1;Fongicide
Azoles;1503;Flutriafol;Flutriafol;F;PA;;;;76674-21-0;;C16H13F2N3O;0.1;Fongicide
Azoles;1529;Bitertanol;Bitertanol;F;PNA;;;;55179-31-2;2011-12-30;C20H23N3O2;0.1;Fongicide
Azoles;1544;Triadiméfone;Triadiméfone;F;PNA;;;;43121-43-3;2004-12-31;C14H16ClN3O2;0.1;Fongicide
Azoles;1660;Tetraconazole;Tetraconazole;F;PA;;;;112281-77-3;;C13H11Cl2F4N3O;0.1;Fongicide
Azoles;1680;Cyproconazole;Cyproconazole;F;PA;;;;94361-06-5;;C15H18ClN3O;0.1;Fongicide
Azoles;1694;Tébuconazole;Tébuconazole;F;PA;;;;107534-96-3;;C16H22ClN3O;0.1;Fongicide
Azoles;1695;Imazaméthabenz;Imazaméthabenz;H;PNA;;;;100728-84-5;2007-12-31;C15H18N2O3;0.1;Herbicide
Azoles;1704;Imazalil;Imazalil;F;PA;;;;73790-28-0;;C14H14Cl2N2O;0.1;Fongicide
Azoles;1713;Thiabendazole;Thiabendazole;F;PA;;;;148-79-8;;C10H7N3S;0.1;Fongicide
Azoles;1744;Epoxiconazole;Epoxiconazole;F;PA;;;;106325-08-0;;C17H13ClFN3O;0.1;Fongicide
Azoles;1762;Penconazole;Penconazole;F;PA;;;;66246-88-6;;C13H15Cl2N3;0.1;Fongicide
Azoles;1802;Triforine;Triforine;F;PNA;;;;26644-46-2;2003-12-31;C10H14Cl6N4O2;0.1;Fongicide
Azoles;1860;Bromuconazole;Bromuconazole;F;PNA;;;;116255-48-2;2010-03-05;C13H12BrCl2N3O;0.1;Fongicide
Azoles;1871;Diniconazole;Diniconazole;F,N;PNA;;;;83657-24-3;2010-03-18;C15H17Cl2N3O;0.1;Fongicide, Nématicide
Azoles;1879;Metconazole;Metconazole;F;PA;;;;125116-23-6;;C17H22ClN3O;0.1;Fongicide
Azoles;1881;Myclobutanil;Myclobutanil;F;PA;;;;88671-89-0;;C15H17ClN4;0.1;Fongicide
Azoles;1896;Tébufenpyrad;Tébufenpyrad;I,A;PA;;;;119168-77-3;;C18H24ClN3O;0.1;Insecticide, Acaricide
Azoles;1904;Diclobutrazol;Diclobutrazol;F;PNA;;;;75736-33-3;2003-12-31;C15H19Cl2N3O;0.1;Fongicide
Azoles;1905;Difénoconazole;Difénoconazole;F;PA;;;;119446-68-3;;C19H17Cl2N3O3;0.1;Fongicide
Azoles;1906;Fenbuconazole;Fenbuconazole;F;PA;;;;114369-43-6;;C19H17ClN4;0.1;Fongicide
Azoles;1911;Imazaméthabenz-méthyl;Imazaméthabenz-méthyl;H;PNA;;;;81405-85-8;;C32H40N4O6;0.1;Herbicide
Azoles;1945;Isoxaflutole;Isoxaflutole;H;PA;;;;141112-29-0;;C15H12F3NO4S;0.1;Herbicide
Azoles;2009;Fipronil;Fipronil;I;PA;;;;120068-37-3;;C12H4Cl2F6N4OS;0.1;Insecticide
Azoles;2014;Azaconazole;Azaconazole;F;PNA;;;;2008-58-4;;C12H11Cl2N3O2;0.1;Fongicide
Azoles;2020;Famoxadone;Famoxadone;F;PA;;;;131807-57-3;;C22H18N2O4;0.1;Fongicide
Azoles;2022;Fludioxonil;Fludioxonil;F;PA;;;;131341-86-1;;C12H6F2N2O2;0.1;Fongicide
Azoles;2056;Fluquinconazole;Fluquinconazole;F;PNA;;;;136426-54-5;;C16H8Cl2FN5O;0.1;Fongicide
Azoles;2057;Fénamidone;Fénamidone;F;PA;;;;161326-34-7;;C17H17N3OS;0.1;Fongicide
Azoles;2068;Oxadiargyl;Oxadiargyl;H;PA;;;;39807-15-3;;C15H14Cl2N2O3;0.1;Herbicide
Azoles;2090;Imazapyr;Imazapyr;H;PNA;;;;81334-34-1;2003-12-31;C13H15N3O3;0.1;Herbicide
Azoles;2545;Paclobutrazole;;Reg;PA;;;;76738-62-0;;C15H20ClN3O;0.1;Régulateur de croissance
Azoles;2810;Florasulam;;H;PA;;;;145701-23-1;;;0.1;Herbicide
Azoles;2860;Imazaquine;;Reg;PA;;;;81335-37-7;;;0.1;Régulateur de croissance
Azoles;2861;Chlorfenapyr;;I;PNA;;;;122453-73-0;2004-05-09;;0.1;Insecticide
Azoles;2898;Tricyclazole;;F;PNA;;;;41814-78-2;2010-03-30;;0.1;Fongicide
Azoles;2976;Carfentrazone-ethyl;;H;PA;;;;128639-02-1;;;0.1;Herbicide
Azoles;2986;Imazamox;;H;PA;;;;114311-32-9;;;0.1;Herbicide
Azoles;2990;Triazoxide;;F;PNA;;;;72459-58-6;;;0.1;Fongicide
Azoles;2992;Triticonazole;;F;PA;;;;131983-72-7;;;0.1;Fongicide
Azoles;5509;Pyraflufen-ethyl;;H;PA;;;;129630-19-9;;;0.1;Herbicide
Azoles;5595;Benazolin-ethyl;;H;PNA;;;;25059-80-7;;;0.1;Herbicide
Azoles;5603;Prothioconazole;;F;PA;;;;178928-70-6;;;0.1;Fongicide
Azoles;5646;Hymexazol;;F;PA;;;;10004-44-1;;;0.1;Fongicide
Azoles;6260;1-(2,6-Dichloro-4-trifluoromethylphenyl)-3-cyano-4-trifluoromethanesul fonyl-5-aminopyrazole;fipronil sulfone;I;;probable;2009;;120068-36-2;;;0.1;Insecticide
Azoles;6261;5-Amino-1-(2,6-dichloro-4-trifluoromethylphenyl)-3-cyano-4-trifluoromethylthiopyrazole;Fipronil sulfide;;;probable;2009;;120067-83-6;;;0.1;
Azoles;6262;Fipronil desulfinyl;;;;oui;;Fipronil;;;;0.1;
Azoles;6389;Clothianidin;;I;PNA;;;;210880-92-5;;;0.1;Insecticide
Azoles;6603;Climbazole;;F;;;;;38083-17-9;;;0.1;Fongicide
Azoles;6610;Fluotrimazole;;F;;;;; 57381-79-0;;;0.1;Fongicide
Azoles;6808;1,2,4-Triazole;;;;;;;288-88-0;;;0.1;
Azoles;7508;Ipoconazole;Ipoconazole;F;PA;;;;125225-28-7;;C18H24ClN3O;0.1;Fongicide
Benzène et dérivés;1229;Nitrofène;Nitrofène;H;PNA;;;;1836-75-5;;C12H7Cl2NO3;0.1;Herbicide
Benzène et dérivés;1341;Chloronèbe;Chloronèbe;F;PNA;;;;2675-77-6;;C8H8Cl2O2;0.1;Fongicide
Benzène et dérivés;1584;Biphényle;Biphényle;F;PNA;;;;92-52-4;;C12H10;0.1;Fongicide
COHV, solvants chlorés, fréons;1487;Dichloropropène-1,3;Dichloropropène-1,3;N;PNA;;;;542-75-6;;C3H4Cl2;20.0;Nématicide
COHV, solvants chlorés, fréons;1530;Bromure de méthyle;Bromure de méthyle;I;PNA;;;;74-83-9;2010-03-18;CH3Br;0.1;Insecticide
COHV, solvants chlorés, fréons;1834;Dichloropropène-1,3 cis;Dichloropropène-1,3 cis;B;PA;;;;10061-01-5;;C3H4Cl2;20.0;Biocide
COHV, solvants chlorés, fréons;1835;Dichloropropène-1,3 trans;Dichloropropène-1,3 trans;N;;;;;10061-02-6;;C3H4Cl2;20.0;Nématicide
COHV, solvants chlorés, fréons;12248;Dichloropropylène-1,3cis;Dichloropropylène-1,3cis;N;;;;;10061-01-5;;C3H4Cl2;0.1;Nématicide
COHV, solvants chlorés, fréons;12249;Dichloropropylène-1,3trans;Dichloropropylène-1,3trans;N;;;;;10061-02-6;;C3H4Cl2;0.1;Nématicide
COHV, solvants chlorés, fréons;91487;Dichloropropène-1,3 total (calculé);;;;;;;;;;0.1;
Carbamate;7501;Allyxycarbe;Allyxycarbe;I;;;;;6392-46-7;;C16H22N2O2;0.1;Insecticide
Carbamate;7505;Karbutilate;Karbutilate;H;PNA;;;;4849-32-5;;C14H21N3O3;0.1;Herbicide
Carbamates;1092;Prosulfocarbe;Prosulfocarbe;H;PA;;;;52888-80-9;;C14H21NOS;0.1;Herbicide
Carbamates;1093;Thiodicarbe;Thiodicarbe;I,M;PNA;;;;59669-26-0;2008-11-20;C10H18N4O4S3;0.1;Insecticide, Mollusticide
Carbamates;1102;Aldicarbe;Aldicarbe;I,N;PNA;;;;116-06-3;2007-12-31;C7H14N2O2S;0.1;Insecticide, Nématicide
Carbamates;1129;Carbendazime;Carbendazime;F;PNA;;;;10605-21-7;2009-12-31;C9H9N3O2;0.1;Fongicide
Carbamates;1130;Carbofuran;Carbofuran;I,N;PNA;;;;1563-66-2;2008-12-13;C12H15NO3;0.1;Insecticide, Nématicide
Carbamates;1156;Diallate;Diallate;H;PNA;;;;2303-16-4;1995-01-01;C10H17Cl2NOS;0.1;Herbicide
Carbamates;1182;EPTC;EPTC(ethyl-dipropyl-thiocarbamate);H;PNA;;;;759-94-4;2003-12-31;C9H19NOS;0.1;Herbicide
Carbamates;1211;Mancozèbe;Mancozèbe;F;PA;;;;8018-01-07 00:00:00;;;0.1;Fongicide
Carbamates;1218;Méthomyl;Méthomyl;I,A;PA;;;;16752-77-5;;C5H10N2O2S;0.1;Insecticide, Acaricide
Carbamates;1236;Phenmédiphame;Phenmédiphame;H;PA;;;;13684-63-4;;C16H16N2O4;0.1;Herbicide
Carbamates;1281;Triallate;Triallate;H;PA;;;;2303-17-5;;C10H16Cl3NOS;0.1;Herbicide
Carbamates;1329;Bendiocarbe;Bendiocarbe;I;PA;;;;22781-23-3;;C11H13NO4;0.1;Insecticide
Carbamates;1333;Carbétamide;Carbétamide;H;PA;;;;16118-49-3;;C12H16N2O3;0.1;Herbicide
Carbamates;1336;Chlorbufame;Chlorbufame;H;PNA;;;;1967-16-4;;C11H10ClNO2;0.1;Herbicide
Carbamates;1402;Diéthofencarbe;Diéthofencarbe;F;PNA;;;;87130-20-9;;C14H21NO4;0.1;Fongicide
Carbamates;1407;Bénomyl;Bénomyl;F;PNA;;;;17804-35-2;;C14H18N4O3;0.1;Fongicide
Carbamates;1463;Carbaryl;Carbaryl;I,Reg;PNA;;;;63-25-2;2008-11-20;C12H11NO2;0.1;Insecticide, Régulateur de croissance
Carbamates;1474;Chlorprophame;Chlorprophame;Reg;PA;;;;101-21-3;;C10H12ClNO2;0.1;Régulateur de croissance
Carbamates;1510;Mercaptodiméthur;Methiocarbe;I,A,M;PA;;;;2032-65-7;;C11H15NO2S;0.1;Insecticide, Acaricide, Mollusticide
Carbamates;1528;Pirimicarbe;Pirimicarbe;I;PNA;;;;23103-98-2;;C11H18N4O2;0.1;Insecticide
Carbamates;1534;Prophame;Prophame;H;PNA;;;;122-42-9;1997-09-04;C10H13NO2;0.1;Herbicide
Carbamates;1535;Propoxur;Propoxur;I;PNA;;;;114-26-1;;C11H15NO3;0.1;Insecticide
Carbamates;1698;Dimétilan;Dimétilan;I;PNA;;;;644-64-4;;C10H16N4O3;0.1;Insecticide
Carbamates;1703;Formétanate;Formétanate;I,A;PNA;;;;22259-30-9;;C11H15N3O2;0.1;Insecticide, Acaricide
Carbamates;1705;Manèbe;Manèbe;F;PA;;;;12427-38-2;;C4H6MnN2S4;0.1;Fongicide
Carbamates;1707;Molinate;Molinate;H;PNA;;;;2212-67-1;2009-12-31;C9H17NOS;0.1;Herbicide
Carbamates;1710;Promécarbe;Promécarbe;I;PNA;;;;2631-37-0;;C12H17NO2;0.1;Insecticide
Carbamates;1715;Thiofanox;Thiofanox;I,A;PNA;;;;39196-18-4;2004-12-31;C9H18N2O2S;0.1;Insecticide, Acaricide
Carbamates;1717;Thiophanate-méthyl;Thiophanate-méthyl;F;PA;;;;23564-05-8;;C12H14N4O4S2;0.1;Fongicide
Carbamates;1718;Thirame;Thirame;F;PA;;;;137-26-8;;C6H12N2S4;0.1;Fongicide
Carbamates;1721;Zinèbe;Dithiocarbamate;F;PNA;;;;12122-67-7;2002-09-22;C4H6N2S4Zn;0.1;Fongicide
Carbamates;1722;Zirame;Zirame;F;PA;;;;137-30-4;;C6H12N2S4Zn;0.1;Fongicide
Carbamates;1764;Benthiocarbe;Thiobencarbe;H;PNA;;;;28249-77-6;;C12H16ClNOS;0.1;Herbicide
Carbamates;1803;Mercaptodiméthur sulfone;Mercaptodiméthur sulfone;I,M;;oui;1510;Mercaptodiméthur;2179-25-1;;C11H15NO4S;0.1;Insecticide, Mollusticide
Carbamates;1804;Mercaptodiméthur sulfoxyde;Mercaptodiméthur sulfoxyde;I,M;;oui;1510;Mercaptodiméthur;2635-10-01 00:00:00;;C11H15NO3S;0.1;Insecticide, Mollusticide
Carbamates;1805;Hydroxycarbofuran-3;Hydroxycarbofuran-3;;;oui;1130;Carbofuran;16655-82-6;;C12H15NO4;0.1;
Carbamates;1806;Aldicarbe sulfoxyde;Aldicarbe sulfoxyde;;;oui;1102;Aldicarbe;1646-87-3;;C7H14N2O3S;0.1;
Carbamates;1807;Aldicarbe sulfoné;Aldicarbe sulfoné;;;oui;1102;Aldicarbe;1646-88-4;;C7H14N2O4S;0.1;
Carbamates;1826;(Code gelé Hydroxycarbofuran-3);Hydroxycarbofuran-3;;;oui;1130;Carbofuran;16655-82-6;;C12H15NO4;0.1;
Carbamates;1827;Code gelé (aldicarbe sulfoxyde);;;;oui;1102;Aldicarbe;;;;0.1;
Carbamates;1828;Code gelé(aldicarbe sulfone);;;;oui;1102;Aldicarbe;;;;0.1;
Carbamates;1850;Oxamyl;Oxamyl;I,A,N;PA;;;;23135-22-0;;C7H13N3O3S;0.1;Insecticide, Acaricide, Nématicide
Carbamates;1858;Vernolate;Vernolate;H;PNA;;;;1929-77-7;2003-12-31;C10H21NOS;0.1;Herbicide
Carbamates;1864;Carbosulfan;Carbosulfan;I;PNA;;;;55285-14-8;2008-12-13;C20H32N2O3S;0.1;Insecticide
Carbamates;1869;Dazomet;Dazomet;F,N;PA;;;;533-74-4;;C5H10N2S2;0.1;Fongicide, Nématicide
Carbamates;1874;Ethiofencarbe;Ethiofencarbe;I;PNA;;;;29973-13-5;2003-12-31;C11H15NO2S;0.1;Insecticide
Carbamates;1965;Asulame;asulame;H;PA;;;;3337-71-1;2012-12-31;C8H10N2O4S;0.1;Herbicide
Carbamates;1967;Fenoxycarbe;fenoxycarbe;I;PA;;;;79127-80-3;;C17H19NO4;0.1;Insecticide
Carbamates;2021;Ferbame;Ferbame;F;PNA;;;;14484-64-1;1996-01-13;C9H18FeN3S6;0.1;Fongicide
Carbamates;2067;Metiram;Metiram;F;PA;;;;9006-42-2;;C16H33N11S16Zn3;0.1;Fongicide
Carbamates;2088;Metam-sodium;Metam-sodium;N;PA;;;;137-42-8;;C2H4NNaS2;0.1;Nématicide
Carbamates;2530;Thiocarbe;Thiocarbe;I;PNA;oui;1093;;3699-30-7;;;0.1;Insecticide
Carbamates;2567;Furathiocarbe;;I;PNA;;;;65907-30-4;2003-12-31;C18H26N2O5S;0.1;Insecticide
Carbamates;2741;3-Iodo-2-propynylbutylcarbamate;IPBC;F;PA;;;;55406-53-6;;;0.1;Fongicide
Carbamates;2924;Benfuracarbe;;I;PNA;;;;82560-54-1;;;0.1;Insecticide
Carbamates;2942;3-Ketocarbofuran; 3-Ketocarb;I;PNA;oui;1130;Carbofuran;16709-30-1;2008-12-13;;0.1;Insecticide
Carbamates;2951;Iprovalicarb;;F;PA;;;;140923-17-7;;;0.1;Fongicide
Carbamates;2980;Desmediphame;;H;PA;;;;13684-56-5;;;0.1;Herbicide
Carbamates;2988;Propamocarbe hydrochloride;;F;PA;;;;25606-41-1;;;0.1;Fongicide
Carbamates;2989;Propinèbe;;F;PA;;;;12071-83-9;;;0.1;Fongicide
Carbamates;3210;4-Bromo-3,5-dimethylphenyl-N-methylcarbamate;;;;;;;672-99-1;;;0.1;
Carbamates;5475;Thiofanox sulfoxyde;;I,A;;oui;1715;Thiofanox;39184-27-5;;;0.1;Insecticide, Acaricide
Carbamates;5476;Thiofanox sulfone;;I,A;;oui;1715;Thiofanox;39184-59-3;;;0.1;Insecticide, Acaricide
Carbamates;5483;Indoxacarbe;;I;PA;;;; 173584-44-6;;C22-H17-Cl-F3-N3-O7;0.1;Insecticide
Carbamates;5523;Aminocarbe;;I;PNA;;;;2032-59-9;;;0.1;Insecticide
Carbamates;5528;Ethiofencarbe sulfone;;I;;;;;53380-23-7;;;0.1;Insecticide
Carbamates;5531;Pirimicarbe Desmethyl;;A;;probable;1528;Pirimicarbe;30614-22-3;;;0.1;Acaricide
Carbamates;5532;Pirimicarbe Formamido Desmethyl;;A;;probable;1528;Pirimicarbe;27218-04-8;;;0.1;Acaricide
Carbamates;5592;Asulam-sodium;;H;PA;;;;2302-17-2;;;0.1;Herbicide
Carbamates;5685;2,3,5-Trimethacarb;;RepO;PNA;;;;2655-15-4;;;0.1;Répulsif
Carbamates;5695;3,4,5-Trimethacarb;;I;PNA;;;;2686-99-9;;;0.1;Insecticide
Carbamates;5711;Butoxycarboxim;;I;PNA;;;;34681-23-7;;;0.1;Insecticide
Carbamates;5743;Dioxacarb;;I;PNA;;;;6988-21-2;;;0.1;Insecticide
Carbamates;5755;Esprocarb;;H;;;;; 85785-20-2;;;0.1;Herbicide
Carbamates;5758;Ethiolate;;H;;;;;2941-55-1;;;0.1;Herbicide
Carbamates;5763;Fenobucarb;;I;PNA;;;;3766-81-2;;;0.1;Insecticide
Carbamates;5781;Isoprocarb;;I;PNA;;;;2631-40-5;;;0.1;Insecticide
Carbamates;5796;Metolcarb;;I,A;;;;;1129-41-5;;;0.1;Insecticide, Acaricide
Carbamates;5807;Pebulate;;H;PNA;;;;1114-71-2;;;0.1;Herbicide
Carbamates;5826;Pyributicarb;;H;;;;;88678-67-5;;;0.1;Herbicide
Carbamates;5835;Terbucarb;;H;;;;; 1918-11-2;;;0.1;Herbicide
Carbamates;5922;Tiocarbazil;;H;;;;;36756-79-3;;;0.1;Herbicide
Carbamates;5970;Fenothiocarbe;;I,A;PNA;;;;62850-32-2;;;0.1;Insecticide, Acaricide
Carbamates;6235;Somme des metabolites des dithiocarbamates;;;;;;;;;;0.1;
Carbamates;6392;Benthiavalicarb;;F;PA;;;;413615-35-7;;;0.1;Fongicide
Carbamates;6398;Propamocarb;;F;PNA;;;;24579-73-5;;;0.1;Fongicide
Carbamates;7038;Butylate;;H;PNA;;;;2008-41-5;;;0.1;Herbicide
Carbamates;7143;Mexacarbate;;I;;;;;315-18-4;;;0.1;Insecticide
Carbamates;7341;methyl isocyanate;metisocyan;H,F,N,I;;oui;2088;metam sodium;624-83-9;;;0.1;Herbicide, Fongicide, Nématicide, Insecticide
Carbamates;7460;Benthiavalicarb-isopropyl;Benthiavalicarbe Isopropy;F;PA;;;;177406-68-7;;C18H24FN3O3S;0.1;Fongicide
Carbamates;7502;Bufencarbe;Bufencarbe;I;PNA;;;;8065-36-9;;C13H19NO2;0.1;Insecticide
Carbamates;12082;Hydroxycarbofuran-3;Hydroxycarbofuran-3;;;;;;16655-82-6;;C12H15NO4;0.1;
Carbamates;99003;Thiocarbe;Thiocarbe;I;PNA;oui;1093;;3699-30-7;;;0.1;Insecticide
Carbamates et thiocarbamates;7148;Butocarboxime;Butocar;I;;;;;34681-10-2;;C7H14N2O2S;0.1;Insecticide
Chloroacetamide ;7519;pethoxamide;;H;PA;;;;106700-29-2;;C16H22ClNO2;0.1;Herbicide
Chloroacétamide;6800;Alachlor ESA;Alachlor ESA;H;PNA;oui;1101;alachlore;142363-53-9;;C14H21NO5S;0.1;Herbicide
Chloroacétamide;6853;Metolachlor OXA;Metolachlor OA;H;;oui;2974/1221;metolachlore;152019-73-3;;C15H21NO4;0.1;Herbicide
Chloroacétamide;6854;Metolachlor ESA;Metolachlor ESA;H;;oui;2974/1221;metolachlore;171118-09-5;;C15H23NO5S;0.1;Herbicide
Chloroacétamide;6855;Alachlor OXA;Alachlor OXA;H;PNA;oui;1101;alachlore;171262-17-2;;C14H19NO4;0.1;Herbicide
Chloroacétamide;6894;Metazachlor oxalic acid;;H;PNA;oui;1670;metazachlore;1231244-60-2;;C14H15N3O3;0.1;Herbicide
Chloroacétamide;6895;Metazachlor sulfonic acid;;H;PNA;oui;1670;metazachlore;172960-62-2;;C14H17SN3O4;0.1;Herbicide
Chloroalcanes;5568;Cycloate;;H;PNA;;;;1134-23-2;2003-12-31;;0.1;Herbicide
Composés phénoliques;1490;Dinitrocrésol(DNOC);Dinitrocrésol;I,A,F,H;PNA;;;;534-52-1;2000-01-04;C7H6N2O5;0.1;Insecticide, Acaricide, Fongicide, Herbicide
Composés phénoliques;1491;Dinosèbe;Dinosèbe;H;PNA;;;;88-85-7;;C10H12N2O5;0.1;Herbicide
Composés phénoliques;2781;Orthophénylphénol;;F;PA;;;; 90-43-7;;C12-H10-O;0.1;Fongicide
Composés phénoliques;2981;Dichlorophene;;H;PNA;;;;97-23-4;2007-09-30;;0.1;Herbicide
Composés phénoliques;5430;Triclosan;;B,F;;;;;3380-34-5;;;0.1;Biocide, Fongicide
Composés phénoliques;5546;Brodifacoum;;Ro;PA;;;;56073-10-0;;;0.1;Rodenticide
Composés phénoliques;5619;Dinocap;;I,A;PNA;;;;39300-45-3;2009-12-31;;0.1;Insecticide, Acaricide
Composés phénoliques;6421;(Code gelé en 2009 Dinitrocrésol(DNOC));Dinitrocrésol;I,A,F,H;PNA;;;;534-52-1;2000-01-04;C7H6N2O5;0.1;Insecticide, Acaricide, Fongicide, Herbicide
Composés phénoliques;6664;Methyl triclosan;;;;oui;5430;Triclosan;4640-01-01 00:00:00;;;0.1;
Composés phénoliques;99024;Nonylphenol Polyethoxyle;;;;;;;;;;0.1;
Diazines;1113;Bentazone;Bentazone;H;PA;;;;25057-89-0;;C10H12N2O3S;0.1;Herbicide
Diazines;1133;Chloridazone;Chloridazone;H;PA;;;;1698-60-8;;C10H8ClN3O;0.1;Herbicide
Diazines;1406;Lénacile;Lénacile;H;PA;;;;2164-08-01 00:00:00;;C13H18N2O2;0.1;Herbicide
Diazines;1659;Terbacil;Terbacil;H;PNA;;;;5902-51-2;2007-12-31;C9H13ClN2O2;0.1;Herbicide
Diazines;1669;Norflurazon;Norflurazone;H;PNA;;;;27314-13-2;2003-12-31;C12H9ClF3N3O;0.1;Herbicide
Diazines;1686;Bromacil;Bromacil;H;PNA;;;;314-40-9;2004-01-01;C9H13BrN2O2;0.1;Herbicide
Diazines;1862;Buprofézine;Buprofézine;I;PNA;;;;69327-76-0;2010-03-30;C16H23N3OS;0.1;Insecticide
Diazines;1865;Chinométhionate;Chinométhionate;F,A;PNA;;;;2439-01-02 00:00:00;2003-12-31;C10H6N2OS2;0.1;Fongicide, Acaricide
Diazines;5543;Bentazone-sodium;;H;;;;;50723-80-3;;;0.1;Herbicide
Diazines;6809;2-Amino-N-isopropyl-benzamide;2-Amino-N-isopropyl-benzamide;;;oui;1105;Bentazone;30391-89-0;;C10H14N2O;0.1;
Diazines;99007;Bentazone-8-ydroxy;;;;oui;1113;Bentazone;;;;0.1;
Divers (organiques);1094;Lambda-cyhalothrine;Lambda-cyhalothrine;I;PA;;;;91465-08-6;;C23H19ClF3NO3;0.1;Insecticide
Divers (organiques);1101;Alachlore;Alachlore;H;PNA;;;;15972-60-8;2008-06-18;C14H20ClNO2;0.1;Herbicide
Divers (organiques);1112;Benfluraline;Benfluraline;H;PA;;;;1861-40-1;;C13H16F3N3O4;0.1;Herbicide
Divers (organiques);1119;Bifénox;Bifénox;H;PA;;;;42576-02-3;;C14H9Cl2NO5;0.1;Herbicide
Divers (organiques);1125;Bromoxynil;Bromoxynil;H;PA;;;;1689-84-5;;C7H3Br2NO;0.1;Herbicide
Divers (organiques);1126;Butraline;Butraline;H;PNA;;;;33629-47-9;2010-04-20;C14H21N3O4;0.1;Herbicide
Divers (organiques);1127;Captafol;Captafol;F;PNA;;;;2425-06-01 00:00:00;1989-01-11;C10H9Cl4NO2S;0.1;Fongicide
Divers (organiques);1128;Captane;Captane;F;PNA;;;;133-06-2;2009-12-31;C9H8Cl3NO2S;0.1;Fongicide
Divers (organiques);1139;Cymoxanil;curzate;F;PA;;;;57966-95-7;;C7H10N4O3;0.1;Fongicide
Divers (organiques);1141;2,4-D;2,4-D;H;PA;;;;94-75-7;;C8H6Cl2O3;0.1;Herbicide
Divers (organiques);1141;2,4-D methyl ester;2,4-D METHYL ESTER;H;;;;;Non renseigné;;;0.1;Herbicide
Divers (organiques);1142;2,4-DB;2,4-DB;H;PA;;;;94-82-6;;C10H10Cl2O3;0.1;Herbicide
Divers (organiques);1169;Dichlorprop;Dichlorprop;H;PNA;;;;120-36-5;2003-12-31;C9H8Cl2O3;0.1;Herbicide
Divers (organiques);1171;Dic(h)lofop-méthyl;Diclofop-méthyl;H;PNA;;;;51338-27-3;2011-12-31;C16H14Cl2O4;0.1;Herbicide
Divers (organiques);1176;Dinoterbe;Dinoterbe;H;PNA;;;;1420-07-1;1997-01-10;C10H12N2O5;0.1;Herbicide
Divers (organiques);1184;Ethofumésate;Ethofumésate;H;PA;;;;26225-79-6;;C13H18O5S;0.1;Herbicide
Divers (organiques);1185;Fénarimol;Fénarimol;F;PNA;;;;60168-88-9;2008-12-31;C17H12Cl2N2O;0.1;Fongicide
Divers (organiques);1189;Fenpropimorphe;Fenpropimorphe;F;PA;;;;67564-91-4;;C20H33NO;0.1;Fongicide
Divers (organiques);1192;Folpel;Folpel;F;PA;;;;133-07-3;;C9H4Cl3NO2S;0.1;Fongicide
Divers (organiques);1205;Ioxynil;Ioxynil;H;PA;;;;1689-83-4;;C7H3I2NO;0.1;Herbicide
Divers (organiques);1212;2,4-MCPA;2,4-MCPA;H;PA;;;;94-74-6;;C9H9ClO3;0.1;Herbicide
Divers (organiques);1213;2,4-MCPB;2,4-MCPB;H;PA;;;;94-81-5;;C11H13ClO3;0.1;Herbicide
Divers (organiques);1214;Mécoprop;Mécoprop(MCPP);H;PA;;;;93-65-2;;C10H11ClO3;0.1;Herbicide
Divers (organiques);1234;Pendiméthaline;Pendiméthaline;H;PA;;;;40487-42-1;;C13H19N3O4;0.1;Herbicide
Divers (organiques);1259;Pyridate;Pyridate;H;PA;;;;55512-33-9;;C19H23ClN2O2S;0.1;Herbicide
Divers (organiques);1264;2,4,5-T;2,4,5-T;H;PNA;;;;93-76-5;;C8H5Cl3O3;0.1;Herbicide
Divers (organiques);1288;Triclopyr;Triclopyr;H;PA;;;;55335-06-3;;C7H4Cl3NO3;0.1;Herbicide
Divers (organiques);1289;Trifluraline;Trifluraline;H;PNA;;;;1582-09-8;2008-12-31;C13H16F3N3O4;0.1;Herbicide
Divers (organiques);1291;Vinclozoline;Vinclozoline;F;PNA;;;;50471-44-8;2007-12-31;C12H9Cl2NO3;0.1;Fongicide
Divers (organiques);1308;Amitraze;Amitraze;I,A;PNA;;;;33089-61-1;2005-01-08;C19H23N3;0.1;Insecticide, Acaricide
Divers (organiques);1359;Cyprodinil;Cyprodinil;F;PA;;;;121552-61-2;;C14H15N3;0.1;Fongicide
Divers (organiques);1360;Dichlofluanide;Dichlofluanide;F;PNA;;;;1085-98-9;2003-12-31;C9H11Cl2FN2O2S2;0.1;Fongicide
Divers (organiques);1403;Diméthomorphe;Diméthomorphe;F;PA;;;;110488-70-5;;C21H22ClNO4;0.1;Fongicide
Divers (organiques);1404;Fluazifop-P-butyl;Fluazifop-P-butyl;H;PA;;;;79241-46-6;;C19H20F3NO4;0.1;Herbicide
Divers (organiques);1432;Pyriméthanil;Pyriméthanil;F;PA;;;;53112-28-0;;C12H13N3;0.1;Fongicide
Divers (organiques);1473;Chlorothalonil;Chlorothalonil;F;PA;;;;1897-45-6;;C8Cl4N2;0.1;Fongicide
Divers (organiques);1506;Glyphosate;Glyphosate;H;PA;;;;1071-83-6;;C3H8NO5P;0.1;Herbicide
Divers (organiques);1538;Quintozène;Quintozène;F;PNA;;;;82-68-8;2001-06-27;C6Cl5NO2;0.1;Fongicide
Divers (organiques);1539;Silvex;Fenoprop;H;PNA;;;;93-72-1;;C9H7Cl3O3;0.1;Herbicide
Divers (organiques);1662;Sulcotrione;Sulcotrione;H;PA;;;;99105-77-8;;C14H13ClO5S;0.1;Herbicide
Divers (organiques);1664;Procymidone;Procymidone;F;PNA;;;;32809-16-8;2008-12-31;C13H11Cl2NO2;0.1;Fongicide
Divers (organiques);1666;Oxadixyl;Oxadixyl;F;PNA;;;;77732-09-3;2003-12-31;C14H18N2O4;0.1;Fongicide
Divers (organiques);1668;Oryzalin;Oryzalin;H;PA;;;;19044-88-3;;C12H18N4O6S;0.1;Herbicide
Divers (organiques);1675;Flurochloridone;Flurochloridone;H;PA;;;;61213-25-0;;C12H10Cl2F3NO;0.1;Herbicide
Divers (organiques);1676;Flufenoxuron;Flufenoxuron;I,A;PNA;;;;101463-69-8;;C21H11ClF6N2O3;0.1;Insecticide, Acaricide
Divers (organiques);1677;Meptyldinocap;Meptyldinocap;F;PA;;;;131-72-6;;C18H24N2O6;0.1;Fongicide
Divers (organiques);1684;Chlorophacinone;Chlorophacinone;Ro;PA;;;;3691-35-8;;C23H15ClO3;0.1;Rodenticide
Divers (organiques);1685;Bromopropylate;Bromopropylate;I,A;PNA;;;;18181-80-1;;C17H16Br2O3;0.1;Insecticide, Acaricide
Divers (organiques);1688;Aclonifène;Aclonifène;H;PA;;;;74070-46-5;;C12H9ClN2O3;0.1;Herbicide
Divers (organiques);1700;Fenpropidine;Fenpropidine;F;PA;;;;67306-00-7;;C19H31N;0.1;Fongicide
Divers (organiques);1706;Métalaxyl;Métalaxyl;F;PNA;;;;57837-19-1;2004-02-11;C15H21NO4;0.1;Fongicide
Divers (organiques);1708;Piclorame;Piclorame;H;PNA;;;;1918-02-01 00:00:00;;C6H3Cl3N2O2;0.1;Herbicide
Divers (organiques);1709;Piperonyl butoxyde;Piperonyl butoxyde;I;PA;;;;51-03-6;;C19H30O5;0.1;Insecticide
Divers (organiques);1712;Propachlore;Propachlore;H;PNA;;;;1918-16-7;2010-03-18;C11H14ClNO;0.1;Herbicide
Divers (organiques);1719;Tolylfluanide;Tolylfluanide;F;PNA;;;;731-27-1;2007-03-07;C10H13Cl2FN2O2S2;0.1;Fongicide
Divers (organiques);1796;Métaldéhyde;Métaldéhyde;I;PA;;;;108-62-3;;C8H16O4;0.1;Insecticide
Divers (organiques);1808;Séthoxydime;Séthoxydime;H;PNA;;;;74051-80-2;2003-12-31;C17H29NO3S;0.1;Herbicide
Divers (organiques);1811;Tridemorph;Tridémorphe;F;PNA;;;;81412-43-3;;C19H39NO;0.1;Fongicide
Divers (organiques);1814;Diflufenicanil;Diflufenicanil;H;PA;;;;83164-33-4;;C19H11F5N2O2;0.1;Herbicide
Divers (organiques);1825;Fluazifop-butyl;Fluazifop-butyl;H;PNA;;;;69806-50-4;;C19H20F3NO4;0.1;Herbicide
Divers (organiques);1833;Haloxyfop-éthoxyéthyl;Haloxyfop-éthoxyéthyl;H;PNA;;;;87237-48-7;;C19H19ClF3NO5;0.1;Herbicide
Divers (organiques);1840;Flamprop-isopropyl;Flamprop-isopropyl;H;PNA;;;;52756-22-6;2003-12-31;C19H19ClFNO3;0.1;Herbicide
Divers (organiques);1859;Bromadiolone;Bromadiolone;Ro;PA;;;;28772-56-7;;C30H23BrO4;0.1;Rodenticide
Divers (organiques);1867;Chlorthal;Chlorthal;H;;oui;2966;Chlorthal diméthyl;2136-79-0;;C8H2Cl4O4;0.1;Herbicide
Divers (organiques);1876;Hexythiazox;Hexythiazox;I,A;PA;;;;78587-05-0;;C17H21ClN2O2S;0.1;Insecticide, Acaricide
Divers (organiques);1877;Imidaclopride;Imidaclopride;I;PA;;;;138261-41-3;;C9H10ClN5O2;0.1;Insecticide
Divers (organiques);1878;Mépronil;Mépronil;F;PNA;;;;55814-41-0;2003-12-31;C17H19NO2;0.1;Fongicide
Divers (organiques);1890;Pyridabène;Pyridabène;I,A;PA;;;;96489-71-3;;C19H25ClN2OS;0.1;Insecticide, Acaricide
Divers (organiques);1895;Tébufénozide;Tébufénozide;I;PA;;;;112410-23-8;;C22H28N2O2;0.1;Insecticide
Divers (organiques);1900;Tétradifon;Tétradifon;I,A;PNA;;;;116-29-0;2004-12-31;C12H6Cl4O2S;0.1;Insecticide, Acaricide
Divers (organiques);1901;Triazamate;Triazamate;I;PNA;;;;112143-82-5;2006-12-31;C13H22N4O3S;0.1;Insecticide
Divers (organiques);1907;AMPA;AMPA(AminoMéthylPhosphonique Acide);;;oui;1506;Glyphosate;1066-51-9;;CH6NO3P;0.1;
Divers (organiques);1909;Haloxyfop-méthyl-R;Haloxyfop-méthyl-R;H;PNA;;;;72619-32-0;2008-12-15;C16H13ClF3NO4;0.1;Herbicide
Divers (organiques);1912;Métosulame;Métosulame;H;PA;;;;139528-85-1;;C14H13Cl2N5O4S;0.1;Herbicide
Divers (organiques);1941;Bromoxynil octanoate;Bromoxynil octanoate;H;PA;;;;1689-99-2;;C15H17Br2NO2;0.1;Herbicide
Divers (organiques);1942;Ioxynil octanoate;Ioxynil octanoate;H;PA;;;;3861-47-0;;C15H17I2NO2;0.1;Herbicide
Divers (organiques);1944;2-chloro-4-méthyl sulfonyl benzoique acide;CMBA;;;oui;1662;Sulcotrione;53250-83-2;;C8H7ClO4S;0.1;
Divers (organiques);1949;Pretilachlore;Pretilachlore;H;PNA;;;;51218-49-6;2007-12-31;C17H26ClNO2;0.1;Herbicide
Divers (organiques);1950;Kresoxim-methyl;KRESOXIM-METHYL;F;PA;;;;143390-89-0;;C18H19NO4;0.1;Fongicide
Divers (organiques);1951;Azoxystrobine;AZOXYSTROBINE;F;PA;;;;131860-33-8;;C22H17N3O5;0.1;Fongicide
Divers (organiques);1952;Oxyfluorfene;OXYFLUORFENE;H;PA;;;;42874-03-3;;C15H11ClF3NO4;0.1;Herbicide
Divers (organiques);1966;Dithianon;dithianon;F;PA;;;;3347-22-6;;C14H4N2O2S2;0.1;Fongicide
Divers (organiques);1969;Mepiquat;Mepiquat;Reg;PA;;;;15302-91-7;;C7H16N;0.1;Régulateur de croissance
Divers (organiques);1970;Acifluorfen;acifluorfen;H;PNA;;;;62476-59-9/50594-66-6;;C14H7ClF3NO5;0.1;Herbicide
Divers (organiques);1972;Propaquizafop;propaquizafop;H;PA;;;;111479-05-1;;C22H22ClN3O5;0.1;Herbicide
Divers (organiques);1973;Fénoxaprop-éthyl;fénoxaprop-éthyl;H;PNA;;;;82110-72-3;;C18H16ClNO5;0.1;Herbicide
Divers (organiques);1974;Fluridone;fluridone;H;PNA;;;;59756-60-4;2003-12-31;C19H14F3NO;0.1;Herbicide
Divers (organiques);2007;Abamectin;Abamectin;I;PA;;;;71751-41-2;;C48H72O14;0.1;Insecticide
Divers (organiques);2008;Flurtamone;Flurtamone;H;PA;;;;96525-23-4;;C18H14F3NO2;0.1;Herbicide
Divers (organiques);2017;Clomazone;Clomazone;H;PA;;;;81777-89-1;;C12H14ClNO2;0.1;Herbicide
Divers (organiques);2018;Cloquintocet-mexyl;Cloquintocet-mexyl;H;PA;;;;99607-70-2;;C18H22ClNO3;0.1;Herbicide
Divers (organiques);2019;Coumatétralyl;Coumatétralyl;Ro;PA;;;;5836-29-3;;C19H16O3;0.1;Rodenticide
Divers (organiques);2023;Flumioxazine;Flumioxazine;H;PA;;;;103361-09-7;;C19H15FN2O4;0.1;Herbicide
Divers (organiques);2028;Quinoxyfen;Quinoxyfen;F;PA;;;;124495-18-7;;C15H8Cl2FNO;0.1;Fongicide
Divers (organiques);2029;Roténone;Roténone;I,A;PNA;;;;83-79-4;2011-10-31;C23H22O6;0.1;Insecticide, Acaricide
Divers (organiques);2047;Haloxyfop;Haloxyfop;H;PNA;;;;69806-34-4;2003-12-31;C15H11ClF3NO4;0.1;Herbicide
Divers (organiques);2069;Quizalofop;Quizalofop;H;PNA;;;;76578-12-6;2003-12-31;C17H13ClN2O4;0.1;Herbicide
Divers (organiques);2070;Quizalofop éthyl;Quizalofop éthyl;H;PNA;;;;76578-14-8;;C19H17ClN2O4;0.1;Herbicide
Divers (organiques);2074;Benoxacor;Benoxacor;H;PA;;;;98730-04-2;;C11H11Cl2NO2;0.1;Herbicide
Divers (organiques);2077;Sulfosate;Sulfosate;H;PNA;;;;81591-81-3;;C12H32NO5PS3;0.1;Herbicide
Divers (organiques);2080;(Code gelé en 2007 Tridemorph);Tridemorph;F;PNA;;;;24602-86-6;;C19H39NO;0.1;Fongicide
Divers (organiques);2083;(Code gelé en 2002 AMPA);AMPA(AminoMéthylPhosphonique Acide);;;oui;1506;Glyphosate;1066-51-9;;CH6NO3P;0.1;
Divers (organiques);2084;Mécoprop-P;Mécoprop-P(MCPP-P);H;PA;;;;16484-77-8;;C10H11ClO3;0.1;Herbicide
Divers (organiques);2087;Quinmerac;Quinmerac;H;PA;;;;90717-03-6;;C11H8ClNO2;0.1;Herbicide
Divers (organiques);2089;Mépiquat chlorure;Mépiquat chlorure;Reg;PA;;;;24307-26-4;;C7H16ClN;0.1;Régulateur de croissance
Divers (organiques);2094;Dalapon;Dalapon;H;PNA;;;;75-99-0;2003-12-31;C3H4Cl2O2;0.1;Herbicide
Divers (organiques);2095;Clodinafop-propargyl;Clodinafop-propargyl;H;PA;;;;105512-06-9;;C17H13ClFNO4;0.1;Herbicide
Divers (organiques);2096;Trinexapac-ethyl;Trinexapac-ethyl;Reg;PA;;;;95266-40-3;;C13H16O5;0.1;Régulateur de croissance
Divers (organiques);2097;Chloroméquat chlorure;Chloroméquat chlorure;Reg;PA;;;;999-81-5;;C5H13Cl2N;0.1;Régulateur de croissance
Divers (organiques);2522;(Code gelé en 2012 2,4-D-ester);2,4-D-ester;H;PA;;;;Non renseigné;;;0.1;Herbicide
Divers (organiques);2523;2,4-D-non-ester;2,4-D;H;PA;;;;94-75-7;;;0.1;Herbicide
Divers (organiques);2525;Code gelé en version Provisoire (Desmethylnorflurazon);;;;oui;1679;Dichlobenil;;;;0.1;
Divers (organiques);2544;Dichlorprop-P;;H;PA;;;;15165-67-0;;C9H8Cl2O3;0.1;Herbicide
Divers (organiques);2574;(Code gelé en 2005 Kresoxim-methyl);KRESOXIM-METHYL;F;PA;;;;143390-89-0;;C18H19NO4;0.1;Fongicide
Divers (organiques);2576;Pyraclostrobine;;F;PA;;;;175013-18-0;;;0.1;Fongicide
Divers (organiques);2669;Picoxystrobine;;F;PA;;;;117428-22-5;;;0.1;Fongicide
Divers (organiques);2678;Trifloxystrobine;;F;PA;;;;141517-21-7;;;0.1;Fongicide
Divers (organiques);2722;Isothiocyanate de methyle;;F,N;PNA;;;;556-61-6;;C2-H3-N-S;0.1;Fongicide, Nématicide
Divers (organiques);2729;Cycloxydime;;H;PA;;;;101205-02-1;;;0.1;Herbicide
Divers (organiques);2731;Glufosinate-ammonium;;H;PA;;;;77182-82-2;;C5H15N2O4P;0.1;Herbicide
Divers (organiques);2737;Desmethylnorflurazon;;;;oui;1679;Dichlobenil;23576-24-1;;C11H7ClF3N3O;0.1;
Divers (organiques);2742;Fenazaquin;;I,A;PA;;;;120928-09-8;;;0.1;Insecticide, Acaricide
Divers (organiques);2745;MCPA_1_butyl ester;;H;PA;;;;1713-12-8;;;0.1;Herbicide
Divers (organiques);2746;MCPA-2-ethylhexyl ester;;H;PA;;;;29450-45-1;;;0.1;Herbicide
Divers (organiques);2747;MCPA-butoxyethyl ester;;H;PA;;;;19480-43-4;;;0.1;Herbicide
Divers (organiques);2748;MCPA-ethyl-ester;;H;PA;;;;2698-38-6;;;0.1;Herbicide
Divers (organiques);2749;MCPA-methyl-ester;;H;PA;;;;2436-73-9;;;0.1;Herbicide
Divers (organiques);2750;Mecoprop-1-octyl ester;;H;PA;;;;161922-37-8;;;0.1;Herbicide
Divers (organiques);2751;Mecoprop-2,4 4-trimethypentyl ester;;H;PA;;;;217487-13-3;;;0.1;Herbicide
Divers (organiques);2752;Mecoprop-2-butoxyethyl ester;;H;PA;;;;23359-62-8;;;0.1;Herbicide
Divers (organiques);2753;Mecoprop-2-ethylhexyl ester;;H;PA;;;;71526-69-7;;;0.1;Herbicide
Divers (organiques);2754;Mecoprop-2-octyl ester;;H;PA;;;;28473-03-2;;;0.1;Herbicide
Divers (organiques);2755;Mecoprop-methyl ester;;H;PA;;;;2786-19-8;;;0.1;Herbicide
Divers (organiques);2807;Isoxadifen-éthyle;;H;PA;;;;163520-33-0;;;0.1;Herbicide
Divers (organiques);2847;Didemethylisoproturon;;H;;oui;1208;Isoproturon;;;;0.1;Herbicide
Divers (organiques);2870;Mecoprop-n iso-butyl ester;;H;PA;;;;;;;0.1;Herbicide
Divers (organiques);2871;Ioxynil methyl ether;;H;PNA;;;;3336-40-1;;;0.1;Herbicide
Divers (organiques);2872;2,4-D isopropyl ester;;H;PNA;;;;94-11-1;;;0.1;Herbicide
Divers (organiques);2873;2,4-Dichlorophenoxyacetic acid methyl ester;2,4 D-methyl-ester;H;PNA;;;;1928-38-7;;;0.1;Herbicide
Divers (organiques);2929;Dichlormide;;H;PNA;;;;37764-25-3;;C8-H11-Cl2-N-O;0.1;Herbicide
Divers (organiques);2930;Méfenpyr diethyl;;H;PA;;;;135590-91-9;;12H10Cl2N2O4;0.1;Herbicide
Divers (organiques);2933;Dodine;;F;PA;;;;2439-10-03 00:00:00;;;0.1;Fongicide
Divers (organiques);2938;cinidon-éthyl;;H;PA;;;;142891-20-1;;;0.1;Herbicide
Divers (organiques);2966;Chlorthal diméthyl;;H;PNA;;;;1861-32-1;;;0.1;Herbicide
Divers (organiques);2972;Coumafène;Warfarine;Ro;PA;;;;81-81-2;;;0.1;Rodenticide
Divers (organiques);2977;Chlorure de choline;;Reg;PNA;;;;67-48-1;;;0.1;Régulateur de croissance
Divers (organiques);2978;Clethodim;;H;PA;;;;99129-21-2;;;0.1;Herbicide
Divers (organiques);2982;Difenacoum;;Ro;PA;;;;56073-07-5;;;0.1;Rodenticide
Divers (organiques);2983;Difethialone;;Ro;PA;;;;104653-34-1;;;0.1;Rodenticide
Divers (organiques);5413;Tecnazène;;F;PNA;;;;117-18-0;2002-07-20;;0.1;Fongicide
Divers (organiques);5416;Pymétrozine;;I;PA;;;;123312-89-0;;C10-H11-N5-O;0.1;Insecticide
Divers (organiques);5499;Pyriproxyfène;;I;PA;;;;95737-68-1;;;0.1;Insecticide
Divers (organiques);5501;Diclofop;;H;;;;;40843-25-2;;;0.1;Herbicide
Divers (organiques);5511;Methoxyfenoside;;I;PA;;;;161050-58-4;;;0.1;Insecticide
Divers (organiques);5513;Endothal;;Reg;;;;;145-73-3;;;0.1;Régulateur de croissance
Divers (organiques);5526;Boscalid;;F;PA;;;;188425-85-6;;;0.1;Fongicide
Divers (organiques);5530;Pyriftalid;;H;;;;;135186-78-6;;;0.1;Herbicide
Divers (organiques);5542;Bensultap;;I;PNA;;;;17606-31-4;;;0.1;Insecticide
Divers (organiques);5544;Benzoximate;;A;PNA;;;;29104-30-1;;;0.1;Acaricide
Divers (organiques);5545;Bifenazate;;A;PA;;;;149877-41-8;;;0.1;Acaricide
Divers (organiques);5547;Halfenprox;;A;PNA;;;; 111872-58-3;2003-12-31;;0.1;Acaricide
Divers (organiques);5548;Bromethaline;;Ro;PNA;;;;63333-35-7;;;0.1;Rodenticide
Divers (organiques);5549;Bromoxynil heptanoate;;H;PNA;;;;56634-95-8;;;0.1;Herbicide
Divers (organiques);5552;Chlorflurenol;;H;PNA;;;;2464-37-1;;;0.1;Herbicide
Divers (organiques);5553;Chlorefenizon;Chlorfenson;I,A;PNA;;;;80-33-1;;;0.1;Insecticide, Acaricide
Divers (organiques);5554;Chlormequat;;Reg;PA;;;;7003-89-6;;;0.1;Régulateur de croissance
Divers (organiques);5555;Chlozolinate;;F;PNA;;;;84332-86-5;2002-03-31;;0.1;Fongicide
Divers (organiques);5556;Sintofen;;Reg;PA;;;;130561-48-7;;;0.1;Régulateur de croissance
Divers (organiques);5557;Clofencet-potassium;;Reg;PNA;;;;82697-71-0;2004-12-31;;0.1;Régulateur de croissance
Divers (organiques);5558;Clopyralid-olamine;;H;;;;; 57754-85-5;;;0.1;Herbicide
Divers (organiques);5559;Codlemone;codlelure;I;PA;;;;33956-49-9;;;0.1;Insecticide
Divers (organiques);5565;Cyanamide calcique;;Reg;;;;; 156-62-7;;;0.1;Régulateur de croissance
Divers (organiques);5566;Cyanamide;;Reg;;;;;420-04-2;;;0.1;Régulateur de croissance
Divers (organiques);5567;Cyazofamid;;F;PA;;;;120116-88-3;;;0.1;Fongicide
Divers (organiques);5569;Cyhalofop-butyl;;H;PA;;;; 122008-85-9;;;0.1;Herbicide
Divers (organiques);5571;2,4-D-dimethylammonium;;H;;;;;2008-39-1;;;0.1;Herbicide
Divers (organiques);5572;2,4-DB Butoxyethyl ester;;H;;;;;32357-46-3;;;0.1;Herbicide
Divers (organiques);5573;2,4-DB-dimethylammonium;;H;;;;;2758-42-1;;;0.1;Herbicide
Divers (organiques);5574;2,4-MCPB sodium;;H;;;;;6062-26-6;;;0.1;Herbicide
Divers (organiques);5575;acide 4-chlorophénoxyacétique;;H;;;;;122-88-3;;;0.1;Herbicide
Divers (organiques);5576;Benzyladenine;;Reg;PNA;;;;1214-39-7;;;0.1;Régulateur de croissance
Divers (organiques);5578;abamectine B1a;;I;PA;;;;65195-55-3;;;0.1;Insecticide
Divers (organiques);5579;Acetamiprid;;I;PA;;;;135410-20-7;;;0.1;Insecticide
Divers (organiques);5581;Acibenzolar-S-Methyl;;F;PA;;;;135158-54-2;;;0.1;Fongicide
Divers (organiques);5586;Alloxydim-sodium;;H;PNA;;;;55635-13-7;;;0.1;Herbicide
Divers (organiques);5589;Ancymidole;;Reg;PNA;;;;12771-68-5;;;0.1;Régulateur de croissance
Divers (organiques);5596;Dalapon-sodium;;H;;;;;127-20-8;;;0.1;Herbicide
Divers (organiques);5597;Daminozide;;Reg;PA;;;;1596-84-5;;;0.1;Régulateur de croissance
Divers (organiques);5598;Dialiphos;;I,A;PNA;;;;10311-84-9;2003-12-31;;0.1;Insecticide, Acaricide
Divers (organiques);5599;Dicamba-sodium;;H;PA;;;;1982-69-0;;;0.1;Herbicide
Divers (organiques);5600;Dichlone;;F;PNA;;;;117-80-6;;;0.1;Fongicide
Divers (organiques);5601;Dichlorprop-butotyl;;H;;;;;53404-31-2;;;0.1;Herbicide
Divers (organiques);5602;Propoxycarbazone-sodium;;H;PA;;;;181274-15-7;;;0.1;Herbicide
Divers (organiques);5607;Quinclorac;;H;PNA;;;;84087-01-4;2004-12-31;;0.1;Herbicide
Divers (organiques);5608;Scilliroside;;Ro;PA;;;;507-60-8;;;0.1;Rodenticide
Divers (organiques);5609;Silthiopham;;F;PA;;;;175217-20-6;;;0.1;Fongicide
Divers (organiques);5610;Spinosad;;I;PA;;;;168316-95-8;;;0.1;Insecticide
Divers (organiques);5614;Difenamide;;H;PNA;;;;957-51-7;2003-12-31;;0.1;Herbicide
Divers (organiques);5615;Difenzoquat;;H;PNA;;;;49866-87-7;2003-12-31;;0.1;Herbicide
Divers (organiques);5616;Acide diprogulique;dikegulac;Reg;PNA;;;;18467-77-1;;;0.1;Régulateur de croissance
Divers (organiques);5618;Dimethipin;;Reg;PNA;;;;55290-64-7;2009-02-02;;0.1;Régulateur de croissance
Divers (organiques);5620;Diphacinone;;Ro;PA;;;;82-66-6;;;0.1;Rodenticide
Divers (organiques);5621;Diquat dibromide;;H;;;;;85-00-7;;;0.1;Herbicide
Divers (organiques);5622;Dodemorphe;;F;PA;;;;1593-77-7;;;0.1;Fongicide
Divers (organiques);5623;Ethoxyquine;;F;PNA;;;;91-53-2;2011-12-31;;0.1;Fongicide
Divers (organiques);5625;Etoxazole;;I,A;PA;;;;153233-91-1;;;0.1;Insecticide, Acaricide
Divers (organiques);5626;Fenclorim;;H;PNA;;;; 3740-92-9;;;0.1;Herbicide
Divers (organiques);5627;Fenizon;;I,A;PNA;;;;80-38-6;;;0.1;Insecticide, Acaricide
Divers (organiques);5628;Fenoxaprop-P-ethyl;;H;PA;;;;71283-80-2;;;0.1;Herbicide
Divers (organiques);5629;Fenpiclonil;;F;PNA;;;;74738-17-3;2003-12-31;;0.1;Fongicide
Divers (organiques);5630;Fenpyroximate;;I,A;PA;;;;134098-61-6;;;0.1;Insecticide, Acaricide
Divers (organiques);5631;L-Flamprop-isopropyl;;H;;;;;57973-67-8;;;0.1;Herbicide
Divers (organiques);5632;Flamprop-M;;H;PNA;;;;90134-59-1;2004-12-31;;0.1;Herbicide
Divers (organiques);5633;Flocoumafen;;Ro;PA;;;;90035-08-8;;;0.1;Rodenticide
Divers (organiques);5634;Fluazifop-P;;H;;;;;83066-88-0;;;0.1;Herbicide
Divers (organiques);5636;Fluoroglycofen;;H;PNA;;;;77501-60-1;2003-12-31;;0.1;Herbicide
Divers (organiques);5638;Fluoxastrobine;;F;PA;;;;361377-29-9;;;0.1;Fongicide
Divers (organiques);5639;Flupoxam;;H;PNA;;;;119126-15-7;2003-12-31;;0.1;Herbicide
Divers (organiques);5640;Gibberellin A3;;Reg;PNA;;;; 77-06-5;;;0.1;Régulateur de croissance
Divers (organiques);5641;Gibberelline a4a7;;Reg;PA;;;;8030-53-3;;;0.1;Régulateur de croissance
Divers (organiques);5643;Guazatinacetate;;F;PNA;;;;115044-19-4;;;0.1;Fongicide
Divers (organiques);5644;Hydramethylnon;;I;PA;;;; 67485-29-4;;;0.1;Insecticide
Divers (organiques);5653;Methoprene;;I;PNA;;;;40596-69-8;2003-12-31;;0.1;Insecticide
Divers (organiques);5654;Metrafenone;;F;PA;;;;220899-03-6;;;0.1;Fongicide
Divers (organiques);5655;Milbemectin;;I,A;PA;;;;51596-10-2;;;0.1;Insecticide, Acaricide
Divers (organiques);5656;Monalide;;H;PNA;;;;7287-36-7;2003-12-31;;0.1;Herbicide
Divers (organiques);5658;Nitralin;;H;PNA;;;;4726-14-1;2003-12-31;;0.1;Herbicide
Divers (organiques);5660;Oxycarboxine;;F;PNA;;;;5259-88-1;2003-12-31;;0.1;Fongicide
Divers (organiques);5661;Paraquat dichloride;;H;;;;;1910-42-5;;;0.1;Herbicide
Divers (organiques);5663;Picloram-isoctyl;;H;PA;;;;26952-20-5;;;0.1;Herbicide
Divers (organiques);5664;Picloram-potassium;;H;PA;;;;2545-60-0;;;0.1;Herbicide
Divers (organiques);5665;Picolinafen;;H;PA;;;;137641-05-5;;;0.1;Herbicide
Divers (organiques);5667;Prochloraze manganese;;H;PA;;;;75747-77-2;;;0.1;Herbicide
Divers (organiques);5668;Prohexadione-calcium;;Reg;PA;;;;127277-53-6;;;0.1;Régulateur de croissance
Divers (organiques);5669;Tepraloxydim;;H;PNA;;;;149979-41-9;;;0.1;Herbicide
Divers (organiques);5671;Thiacloprid;;I;PA;;;;111988-49-9;;;0.1;Insecticide
Divers (organiques);5676;Tralkoxydime;;H;PNA;;;;87820-88-0;;;0.1;Herbicide
Divers (organiques);5679;Triclopyr-butotyl;;I;;;;;64700-56-7;;;0.1;Insecticide
Divers (organiques);5686;2,4,5-T methyl ester;2,4,5TMeEs;H;;;;;1928-37-6;;;0.1;Herbicide
Divers (organiques);5687;2,4-D sec-butyl ester;;H;;;;;94-79-1;;;0.1;Herbicide
Divers (organiques);5691;Fenoxaprop;;H;;;;;95617-09-7;;;0.1;Herbicide
Divers (organiques);5701;Barban;;H;PNA;;;;101-27-9;;;0.1;Herbicide
Divers (organiques);5702;Benfuresate;;H;;;;;68505-69-1;;;0.1;Herbicide
Divers (organiques);5703;Benodanil;;F;;;;;15310-01-7;;;0.1;Fongicide
Divers (organiques);5705;Benzoylprop ethyl;;H;PNA;;;;22212-55-1;;;0.1;Herbicide
Divers (organiques);5706;Bioallethrin S-cyclopentenyl isomer;;I;PA;;;;28434-00-6;;;0.1;Insecticide
Divers (organiques);5707;Bromobutide;;H;;;;;74712-19-9;;;0.1;Herbicide
Divers (organiques);5709;Butachlor;;H;PNA;;;;23184-66-9;;;0.1;Herbicide
Divers (organiques);5713;Chloramben methyl ester;;H;;;;;7286-84-2;;;0.1;Herbicide
Divers (organiques);5714;Chloranocryl;;H;;;;;2164-09-02 00:00:00;;;0.1;Herbicide
Divers (organiques);5716;Chlordimeform;;I;PNA;;;;6164-98-3;;;0.1;Insecticide
Divers (organiques);5717;Chlorfenprop-methyl;;H;;;;;14437-17-3;;;0.1;Herbicide
Divers (organiques);5718;Chlorflurenol-methyl ester;;H;;;;;2536-31-4;;;0.1;Herbicide
Divers (organiques);5720;Chlorobenzilate;;I,A;PNA;;;;510-15-6;;C16-H14-Cl2-O3;0.1;Insecticide, Acaricide
Divers (organiques);5721;Chloropropylate;, chlormite;I,A;PNA;;;;5836-10-02 00:00:00;;;0.1;Insecticide, Acaricide
Divers (organiques);5726;Cyanofenphos;;I;;;;;13067-93-1;;;0.1;Insecticide
Divers (organiques);5729;Cyprofuram;;F;;;;;69581-33-5;;;0.1;Fongicide
Divers (organiques);5730;Desbromo-bromobutide;;H;;;;;75463-73-9;;;0.1;Herbicide
Divers (organiques);5732;Dichlorprop methyl ester;;H;PNA;;;;57153-17-0;;;0.1;Herbicide
Divers (organiques);5733;Dicloran;;I;PNA;;;;99-30-9;2010-03-18;;0.1;Insecticide
Divers (organiques);5735;Diethatyl ethyl;;H;PNA;;;;38727-55-8;;;0.1;Herbicide
Divers (organiques);5738;Dinitramine;;H;PNA;;;;29091-05-2;;;0.1;Herbicide
Divers (organiques);5739;Dinobuton;;I,A;PNA;;;;973-21-7;;;0.1;Insecticide, Acaricide
Divers (organiques);5740;Dinoseb acetate;;I,A;;;;;2813-95-8;;;0.1;Insecticide, Acaricide
Divers (organiques);5741;Dinoseb methyl ether;;I,A;;;;;6099-79-2;;;0.1;Insecticide, Acaricide
Divers (organiques);5742;Dinoterb acetate;;I,A;;;;;3204-27-1;;;0.1;Insecticide, Acaricide
Divers (organiques);5746;Dithiopyr;;H;PNA;;;;97886-45-8;;;0.1;Herbicide
Divers (organiques);5747;Drazoxolon;;F;;;;;5707-69-7;;;0.1;Fongicide
Divers (organiques);5748;Dimoxystrobine;;F;PA;;;;;;;0.1;Fongicide
Divers (organiques);5749;Carfentrazone;;H;;;;;128621-72-7;;;0.1;Herbicide
Divers (organiques);5754;Erbon;;H;;;;;136-25-4;;;0.1;Herbicide
Divers (organiques);5756;Etaconazole;;F;;;;; 60207-93-4;;;0.1;Fongicide
Divers (organiques);5757;Ethalfluraline;;H;PNA;;;;55283-68-6;2011-12-31;;0.1;Herbicide
Divers (organiques);5759;Etridiazole;;F;PNA;;;;2593-15-9;2011-12-31;;0.1;Fongicide
Divers (organiques);5762;Fenazaflor;;I,A;;;;;14255-88-0;;;0.1;Insecticide, Acaricide
Divers (organiques);5764;Fenoprop methyl ester;;H;PNA;;;;4841-20-7;;;0.1;Herbicide
Divers (organiques);5767;Flubenzimine;;I,A;PNA;;;; 37893-02-0;;;0.1;Insecticide, Acaricide
Divers (organiques);5768;Fluchloralin;;H;PNA;;;;33245-39-5;;;0.1;Herbicide
Divers (organiques);5769;Flumetralin;;Reg;;;;;62924-70-3;;;0.1;Régulateur de croissance
Divers (organiques);5770;Fluorodifen;;H;;;;; 15457-05-3;;;0.1;Herbicide
Divers (organiques);5771;Flurenol-butyl ester;;Reg;;;;;2314-09-02 00:00:00;;;0.1;Régulateur de croissance
Divers (organiques);5772;Flurenol-methylester;;Reg;;;;;1216-44-0;;;0.1;Régulateur de croissance
Divers (organiques);5773;Fuberidazole;;F;;;;;3878-19-1;;;0.1;Fongicide
Divers (organiques);5774;Furmecyclox;;F;;;;;60568-05-0;;;0.1;Fongicide
Divers (organiques);5779;Isocarbamide;;H;;;;;30979-48-7;;;0.1;Herbicide
Divers (organiques);5780;Isomethiozin;;H;;;;;57052-04-7;;;0.1;Herbicide
Divers (organiques);5782;Isopropalin;;H;;;;;33820-53-0;;;0.1;Herbicide
Divers (organiques);5783;Isoprothiolane;;I;;;;;50512-35-1;;;0.1;Insecticide
Divers (organiques);5788;MCPB methyl ester;;H;;;;;57153-18-1;;;0.1;Herbicide
Divers (organiques);5801;Nitrothal-isopropyl;;F;PNA;;;;10552-74-6;;;0.1;Fongicide
Divers (organiques);5805;Oxabetrinil;;H;;;;;74782-23-3;;;0.1;Herbicide
Divers (organiques);5809;Pentanochlor;;H;;;;;2307-68-8;;;0.1;Herbicide
Divers (organiques);5815;Phthalide;;F;;;;;87-41-2;;;0.1;Fongicide
Divers (organiques);5816;Picloram methyl ester;;H;;;;;14143-55-6;;;0.1;Herbicide
Divers (organiques);5817;Pindone;;Ro;;;;;83-26-1;;;0.1;Rodenticide
Divers (organiques);5818;Piperalin;;F;;;;;3478-94-2;;;0.1;Fongicide
Divers (organiques);5820;Plifenat;;I;;;;;21757-82-4;;;0.1;Insecticide
Divers (organiques);5822;Probenazole;;F;;;;;27605-76-1;;;0.1;Fongicide
Divers (organiques);5823;Profluralin;;H;;;;;26399-36-0;;;0.1;Herbicide
Divers (organiques);5825;Pyracarbolid;;F;PNA;;;;24691-76-7;;;0.1;Fongicide
Divers (organiques);5827;Pyridinitril;;H;;;;;1086-02-8;;;0.1;Herbicide
Divers (organiques);5828;Pyroquilon;;F;;;;;57369-32-1;;;0.1;Fongicide
Divers (organiques);5832;Swep;;H;;;;;1918-18-9;;;0.1;Herbicide
Divers (organiques);5834;TCMTB;;F;;;;;21564-17-0;;;0.1;Fongicide
Divers (organiques);5837;Tetrasul;;I,A;PNA;;;;2227-13-6;;;0.1;Insecticide, Acaricide
Divers (organiques);5843;Triflumizole;;F;PNA;;;;99387-89-0;2010-03-18;;0.1;Fongicide
Divers (organiques);5845;Uniconizole-P;;F;;;;;83657-17-4;;;0.1;Fongicide
Divers (organiques);5846;N-Methyl-N-1-naphthyl acetamide;;I,A;;;;;85-07-4;;;0.1;Insecticide, Acaricide
Divers (organiques);5921;Tetramethrin;;I;PA;;;;7696-12-0;;;0.1;Insecticide
Divers (organiques);6167;Aramite;;I;PNA;;;;140-57-8;;;0.1;Insecticide
Divers (organiques);6270;Somme des pesticides organo-azotés et phosphorés;;;;;;;;;;0.1;
Divers (organiques);6284;Somme du terbumeton et de ses metabolites;;;;;;;;;;0.1;
Divers (organiques);6358;Pyridafol;;H;;;;;40020-01-7;;;0.1;Herbicide
Divers (organiques);6390;Thiamethoxam;;I;PA;;;;153719-23-4;;;0.1;Insecticide
Divers (organiques);6545;Fluazifop;;H;;;;;69335-91-7;;;0.1;Herbicide
Divers (organiques);6605;Dioxation;;I,A;PNA;;;;78-34-2;;;0.1;Insecticide, Acaricide
Divers (organiques);6606;Fenvalerate RR;;I,A;;;;;;;;0.1;Insecticide, Acaricide
Divers (organiques);6607;Fenvalerate RS;;I,A;;;;;;;;0.1;Insecticide, Acaricide
Divers (organiques);6608;Esfenvalerate SS;;I,A;;;;;;;;0.1;Insecticide, Acaricide
Divers (organiques);6609;Esfenvalerate SR;;I,A;;;;;;;;0.1;Insecticide, Acaricide
Divers (organiques);6613;Somme du Fenvalerate RR et Esfenvalerate SS;;I,A;;;;;;;;0.1;Insecticide, Acaricide
Divers (organiques);6614;Somme du Fenvalerate RS et Esfenvalerate SR;;I,A;;;;;;;;0.1;Insecticide, Acaricide
Divers (organiques);6636;Chlorure de didecyl dimethyl ammonium;;F;PA;;;;7173-51-5;;;0.1;Fongicide
Divers (organiques);6637;Quizalofop ethyl P;;H;PA;;;;100646-51-3;;;0.1;Herbicide
Divers (organiques);6696;Dicyclanil;;I;;;;;112636-83-6;;;0.1;Insecticide
Divers (organiques);6942;2,4-D 2-Ethylhexyl ester;;H;PA;;;;1928-43-4;;;0.1;Herbicide
Divers (organiques);7018;Chlorate de sodium;;H;PA;;;;7647-14-5;;;0.1;Herbicide
Divers (organiques);7057;Pinoxaden;;H;PA;;;;243973-20-8;;;0.1;Herbicide
Divers (organiques);7086;Tembotrione;;H;PA;;;;335104-84-2;;;0.1;Herbicide
Divers (organiques);7087;Tritosulfuron;;H;PA;;;;335104-84-2;;;0.1;Herbicide
Divers (organiques);7142;Dimepiperate;;H;;;;;61432-55-1;;;0.1;Herbicide
Divers (organiques);7342;Fluxapyroxade;;F;PA;;;;335104-84-2;;;0.1;Fongicide
Divers (organiques);7345;Bixafen;;F;PA;;;;335104-84-2;;;0.1;Fongicide
Divers (organiques);7783;Haloxyfop méthyl;HaloxyMeth;H;PNA;;;;69806-40-2;;C16H13ClF3NO4;;Herbicide
Divers (organiques);8987;Glufosinate ammonium;Glufosinate ammonium;H;;;;;77182-82-2;;C5H15N2O4P;0.1;Herbicide
Divers (organiques);9053;Norflurazon desmethyl;Norflurazon desmethyl;H;;oui;1669;Norflurazon;23576-24-1;;;0.1;Herbicide
Divers (organiques);12235;Haloxyfop-éthoxyéthyl;Haloxyfop-éthoxyéthyl;H;;;;;87237-48-7;;C19H19ClF3NO5;0.1;Herbicide
Divers (organiques);12256;Trifluraline-3,4,1;Trifluraline-3,4,1;H;;;;;1582-09-8;;C13H16F3N3O4;0.1;Herbicide
Divers (organiques);96613;Somme du Fenvalerate RR et Esfenvalerate SS (calculée);;I,A;;;;;;;;;Insecticide, Acaricide
Divers (organiques);96614;Somme du Fenvalerate RS et Esfenvalerate SR (calculée);;I,A;;;;;;;;;Insecticide, Acaricide
Divers (organiques);99001;Fluasifop-méthyl;;H;;;;;;;;0.1;Herbicide
Divers (organiques);99002;Haloxyfop-(P-)méthyl;;H;PNA;;;;72619-32-0;;C16H13ClF3NO4;0.1;Herbicide
Divers (organiques);99010;Diclofop;;H;PA;;;;40843-25-2;;;0.1;Herbicide
Fongicides;5648;Ethylenethiouree;ETU;F;;;;;96-45-7;;;0.1;Fongicide
Fongicides;6601;Ethyleneuree;EU;F;;oui;1211;Mancozebe;120-93-4;;;0.1;Fongicide
Hydrocarbures et indices liés;3333;Code utilisé à tort avant 2006 pour le chlorure de choline;Chlorure de choline;;;;;;67-48-1;;;0.1;
Hydrocarbures et indices liés;5920;di 1 p menthene;;Reg;PA;;;;31393-98-3;;;0.1;Régulateur de croissance
Inconnu;7441;Furilazole;Furilazole;PP;PA;;;;121776-33-8;;C11H13Cl2NO3;0.1;No ref on 'PP'
Inconnu;7442;Proximpham;Proximpham;H;;;;;2828-42-4;;C10H12N2O2;0.1;Herbicide
Inconnu;7512;thiocyclam hydrogen oxala;Thiocyclam-hydrogenoxalate;I;PNA;;;;31895-22-4;;C7H13NO4S3;0.1;Insecticide
Inconnu;7513;Fenchlorazole-ethyl;Fenchlorazole-ethyl;PP;;;;;103112-35-2;;C12H8Cl5N3O2;0.1;No ref on 'PP'
Indices;12140;Pesticides Kit immuno enzimatique;Pesticides Kit immuno enzimatique;;;;;;Non renseigné;;;0.1;
Metaux et métalloïdes;5561;hydroxyde de cuivre;;F;;;;;;;;0.1;Fongicide
Metaux et métalloïdes;5562;oxychlorure de cuivre;;F;;;;;1332-65-6;;;0.1;Fongicide
Metaux et métalloïdes;5564;sulfate tribasique de cuivre;;F;PA;;;;1333-22-8;;;0.1;Fongicide
Organochlorés;1103;Aldrine;Aldrine;I;PNA;;;;309-00-2;1994-04-10;C12H8Cl6;0.03;Insecticide
Organochlorés;1132;Chlordane;Chlordane;I;PNA;;;;57-74-9;1973-01-01;C10H6Cl8;0.1;Insecticide
Organochlorés;1143;DDD 24';DDD op';I;;oui;1147;DDT op';53-19-0;;C14H10Cl4;0.1;Insecticide
Organochlorés;1144;DDD 44';DDD pp';I;;oui;1148;DDT pp';72-54-8;;C14H10Cl4;0.1;Insecticide
Organochlorés;1145;DDE 24';DDE op';I;;oui;1147;DDT op';3424-82-6;;C14H8Cl4;0.1;Insecticide
Organochlorés;1146;DDE 44';DDE pp';I;;oui;1148;DDT pp';72-55-9;;C14H8Cl;0.1;Insecticide
Organochlorés;1147;DDT 24';DDT op';I;PNA;;;;789-02-6;1987-01-01;C14H9Cl5;0.1;Insecticide
Organochlorés;1148;DDT 44';DDT pp';I;PNA;;;;50-29-3;1987-01-01;C14H9Cl5;0.1;Insecticide
Organochlorés;1159;Dichlorofenthion;Dichlorofenthion;I;PNA;;;;97-17-6;2003-12-31;C10H13Cl2O3PS;0.1;Insecticide
Organochlorés;1172;Dicofol;Dicofol;I,A;PNA;;;;115-32-2;2010-03-18;C14H9Cl5O;0.1;Insecticide, Acaricide
Organochlorés;1173;Dieldrine;Dieldrine;I;PNA;;;;60-57-1;1994-04-10;C12H8Cl6O;0.03;Insecticide
Organochlorés;1178;Endosulfan alpha;Endosulfan alpha;I;PNA;;;;959-98-8;;C9H6Cl6O3S;0.1;Insecticide
Organochlorés;1179;Endosulfan bêta;Endosulfan bêta;I;PNA;;;;33213-65-9;;C9H6Cl6O3S;0.1;Insecticide
Organochlorés;1181;Endrine;Endrine;I;PNA;;;;72-20-8;1994-04-10;C12H8Cl6O;0.1;Insecticide
Organochlorés;1197;Heptachlore;Heptachlore;I;PNA;;;;76-44-8;;C10H5Cl7;0.03;Insecticide
Organochlorés;1198;Heptachlore époxyde cis+trans;Heptachlore époxyde cis+trans;I;PNA;;;;;;;0.1;Insecticide
Organochlorés;1200;Hexachlorocyclohexane alpha;Hexachlorocyclohexane alpha;I;PNA;;;;319-84-6;;C6H6Cl6;0.1;Insecticide
Organochlorés;1201;Hexachlorocyclohexane bêta;Hexachlorocyclohexane bêta;I;PNA;;;;319-85-7;;C6H6Cl6;0.1;Insecticide
Organochlorés;1202;Hexachlorocyclohexane delta;Hexachlorocyclohexane delta;I;PNA;;;;319-86-8;;C6H6Cl6;0.1;Insecticide
Organochlorés;1203;Hexachlorocyclohexane gamma;Lindane;I;PNA;;;;58-89-9;1998-01-07;C6H6Cl6;0.1;Insecticide
Organochlorés;1207;Isodrine;Isodrine;I;PNA;;;;465-73-6;;C12H8Cl6;0.1;Insecticide
Organochlorés;1221;Métolachlore;Métolachlore;H;PNA;;;;51218-45-2;2003-12-31;C15H22ClNO2;0.1;Herbicide
Organochlorés;1223;Méthoxychlore op';Méthoxychlore op';I;PNA;;;;30667-99-3;;C16H15Cl3O2;0.1;Insecticide
Organochlorés;1224;(Code gelé en 2005 Méthoxychlore pp');Méthoxychlore pp';I;;;;;72-43-5;;C16H15Cl3O2;0.1;Insecticide
Organochlorés;1265;Télodrine;Télodrine;I;PNA;;;;297-78-9;;C9H4Cl8O;0.1;Insecticide
Organochlorés;1279;Toxaphène;Toxaphène;I;PNA;;;;8001-35-2;;C10H10Cl8;0.1;Insecticide
Organochlorés;1472;Chloropicrine;Chloropicrine;F,N;PNA;;;;76-06-2;;CCl3NO2;0.1;Fongicide, Nématicide
Organochlorés;1480;Dicamba;Dicamba;H;PA;;;;1918-00-9;;C8H6Cl2O3;0.1;Herbicide
Organochlorés;1511;Méthoxychlore;Méthoxychlore;I;PNA;;;;72-43-5;;C16H15Cl3O2;0.1;Insecticide
Organochlorés;1667;Oxadiazon;Oxadiazon;H;PA;;;;19666-30-9;;C15H18Cl2N2O3;0.1;Herbicide
Organochlorés;1679;Dichlobenil;Dichlobenil;H;PNA;;;;1194-65-6;2010-03-18;C7H3Cl2N;0.1;Herbicide
Organochlorés;1720;Trichloronat;Trichloronat;I;PNA;;;;327-98-0;;C10H12Cl3O2PS;0.1;Insecticide
Organochlorés;1742;Endosulfan sulfate;Endosulfan sulfate;I;;oui;1743;Endosulfan;1031-07-8;;C9H6Cl6O4S;0.1;Insecticide
Organochlorés;1743;Total Endosulfan;Total Endosulfan;I;SO;;;;115-29-7;;C9H6Cl6O3S;0.1;Insecticide
Organochlorés;1748;Heptachlore époxyde cis;Heptachlore époxyde cis;I;PNA;;;;1024-57-3;;;0.03;Insecticide
Organochlorés;1749;Heptachlore époxyde trans;Heptachlore époxyde trans;I;PNA;;;;28044-83-9;;;0.03;Insecticide
Organochlorés;1756;(Code gelé en 2011 Chlordane alpha);Chlordane alpha;I;PNA;;;;;;C10H6Cl8;0.1;Insecticide
Organochlorés;1757;Chlordane béta;Chlordane béta;I;PNA;;;;5103-74-2;;C10H6Cl8;0.1;Insecticide
Organochlorés;1758;Chlordane gamma;Chlordane gamma;I;PNA;;;;12789-03-6;;C10H6Cl8;0.1;Insecticide
Organochlorés;1848;Oxychlordane;Oxychlordane;;;oui;1756;Chlordane alpha;27304-13-8;;C10H4Cl80;0.1;
Organochlorés;1866;Chlordécone;Chlordécone;I;PNA;;;;143-50-0;;C10Cl10O;0.1;Insecticide
Organochlorés;1956;(Code gelé en 2010 Hexachlorocyclohexane);;;;;;;;;;0.1;
Organochlorés;2046;Hexachlorocyclohexane epsilon;Hexachlorocyclohexane epsilon;I;SO;;;;6108-10-07 00:00:00;;C6H6Cl6;0.1;Insecticide
Organochlorés;2546;Dimét(h)achlore;Teridoxe;H;PA;;;;50563-36-5;;C13H18ClNO2;0.1;Herbicide
Organochlorés;2941;Endrine Aldéhyde;Endrine Aldéhyde;;;oui;1181;Endrine;7421-93-4;;C12H10Cl6O;0.1;
Organochlorés;3165;4,4'-Dichlorobenzophenone;DCBP;;;oui;5720;chlorobenzilate;90-98-2;;C13-H8-Cl2-O;0.1;
Organochlorés;3267;Somme du DDE 24' (CAS 3424-82-6) et du DDE 44'(CAS 72-55-9) ou 1145+1146;Somme du DDE 24' (CAS 3424-82-6) et du DDE 44'(CAS 72-55-9);I;;;;;;;;;Insecticide
Organochlorés;3268;Somme du DDT 24'(code Sandre : 1147)(CAS 789-02-6) et du DDT 44' (Code Sandre : 1148)(CAS 50-29-3);Somme du DDT 24'(code Sandre : 1147)(CAS 789-02-6) et du DDT 44' (Code Sandre : 1148)(CAS 50-29-3);I;;;;;;;;;Insecticide
Organochlorés;5438;mirex;;I;;;;;2385-85-5;;;0.1;Insecticide
Organochlorés;5482;Chlorfenethol;Chlorfenet;I,A;;;;;80-06-8;;;0.1;Insecticide, Acaricide
Organochlorés;5485;Endrin ketone;;I;;oui;1181;endrine;;;;0.1;Insecticide
Organochlorés;5534;Somme drines;;I;PNA;;;;;;;0.1;Insecticide
Organochlorés;5537;HCH isomères;HCH isomères;I;PNA;;;;608-73-1;;C6H6Cl6;0.1;Insecticide
Organochlorés;5613;Dienochlore;;I,A;PNA;;;;2227-17-0;2003-12-31;;0.1;Insecticide, Acaricide
Organochlorés;5708;Bromocyclen;;I,A;;;;;1715-40-8;;;0.1;Insecticide, Acaricide
Organochlorés;5715;Chlorbenside;;I;PNA;;;;103-17-3;;;0.1;Insecticide
Organochlorés;5719;Chlornitrofen;;H;;;;;1836-77-7;;;0.1;Herbicide
Organochlorés;5752;Endosulfan ether;;I;;;;;;;;0.1;Insecticide
Organochlorés;5753;Endosulfan lactone;;I;;;;;;;;0.1;Insecticide
Organochlorés;5800;Nitrapyrin;;B;PNA;;;;1929-82-4;;;0.1;Biocide
Organochlorés;6269;Pesticides organo-chlorés;;;;;;;;;;0.1;
Organochlorés;6334;Hydrochlordecone;;I;PNA;;;; 53308-47-7;;;0.1;Insecticide
Organochlorés;6496;Somme des paramètres DDD 44' [1144] et du DDT 24' [1147];Somme des paramètres DDD 44' [1144] et du DDT 24' [1147];I;;;;;;;;;Insecticide
Organochlorés;6497;Somme de 6 paramètres : DDDop' [1143], DDDpp' [1144], DDEop' [1145], DDEpp' [1146], DDTop' [1147] et DDTpp' [1148];Somme de 6 paramètres : DDDop' [1143], DDDpp' [1144], DDEop' [1145], DDEpp' [1146], DDTop' [1147] et DDTpp' [1148];I;;;;;;;;;Insecticide
Organochlorés;6500;Somme du DDE 44' et de la dieldrine;;;;;;;;;;;
Organochlorés;6553;Chloralose;;RepO;PNA;;;;15879-93-3;2010-12-21;;0.1;Répulsif
Organochlorés;6577;Chlordécone 5b hydro;;I;PNA;;;;;;;0.1;Insecticide
Organochlorés;7010;Chlordane alpha;;I;PNA;;;;5103-71-9;;;0.1;Insecticide
Organochlorés;7097;trans-Nonachlor;trans-Nonachlordane;I;PNA;;;;39765-80-5;;C10H5Cl9;0.1;Insecticide
Organochlorés;7146;Somme de 4 paramètres : DDDpp' [1144], DDEpp' [1146], DDTop' [1147], DDTpp' [1148];Somme de 4 paramètres : DDDpp' [1144], DDEpp' [1146], DDTop' [1147], DDTpp' [1148];I;;;;;;;;;Insecticide
Organochlorés;7170;Somme de 4 paramètres : DDD 24' [1143], DDE 24' [1145], DDT 24' [1147], DDT 44'[1148];Somme de 4 paramètres : DDD 24' [1143], DDE 24' [1145], DDT 24' [1147], DDT 44'[1148];I;;;;;;;;;Insecticide
Organochlorés;11810;Endrine Aldéhyde;Endrine Aldéhyde;;;oui;1181;Endrine;7421-93-4;;C12H10Cl6O;0.1;
Organochlorés;12003;Hexachlorocyclohexane;;;;;;;;;;0.1;
Organochlorés;12098;Total Organochlorés;Total Organochlorés;;;;;;Non renseigné;;;0.1;
Organochlorés;81511;Méthoxychlore op'+pp';;I;SO;;;;;;;0.1;Insecticide
Organochlorés;91132;Chlordane total (calculé);;;;;;;;;;0.1;
Organochlorés;91198;Heptachlore époxyde total (calculé);;;;;;;;;;0.1;
Organochlorés;91203;HCH isomères total (calculé);;;;;;;;;;0.1;
Organochlorés;91511;Méthoxychlore total (calculé);;;;;;;;;;0.1;
Organochlorés;91743;Endosulfan total (calculé);;;;;;;;;;0.1;
Organochlorés;93267;(calculé) Somme du DDE 24' (CAS 3424-82-6) et du DDE 44'(CAS 72-55-9) ou 1145+1146;(calculé) Somme du DDE 24' (CAS 3424-82-6) et du DDE 44'(CAS 72-55-9) ou 1145+1146;I;;;;;;;;;Insecticide
Organochlorés;93268;(calculé) Somme du DDT 24'(code Sandre : 1147)(CAS 789-02-6) et du DDT 44' (Code Sandre : 1148)(CAS 50-29-3);(calculé) Somme du DDT 24'(code Sandre : 1147)(CAS 789-02-6) et du DDT 44' (Code Sandre : 1148)(CAS 50-29-3);I;;;;;;;;;Insecticide
Organochlorés;95534;Somme drines (calculée);;I;PNA;;;;;;;;Insecticide
Organochlorés;96496;(calculé) Somme des paramètres DDD 44' [1144] et du DDT 24' [1147];(calculé) Somme des paramètres DDD 44' [1144] et du DDT 24' [1147];I;;;;;;;;;Insecticide
Organochlorés;96497;(calculé) Somme de 6 paramètres : DDDop' [1143], DDDpp' [1144], DDEop' [1145], DDEpp' [1146], DDTop' [1147] et DDTpp' [1148];(calculé) Somme de 6 paramètres : DDDop' [1143], DDDpp' [1144], DDEop' [1145], DDEpp' [1146], DDTop' [1147] et DDTpp' [1148];I;;;;;;;;;Insecticide
Organochlorés;97146;(calculé) Somme de 4 paramètres : DDDpp' [1144], DDEpp' [1146], DDTop' [1147], DDTpp' [1148];(calculé) Somme de 4 paramètres : DDDpp' [1144], DDEpp' [1146], DDTop' [1147], DDTpp' [1148];I;;;;;;;;;Insecticide
Organochlorés;97170;(calculé) Somme de 4 paramètres : DDD 24' [1143], DDE 24' [1145], DDT 24' [1147], DDT 44'[1148];(calculé) Somme de 4 paramètres : DDD 24' [1143], DDE 24' [1145], DDT 24' [1147], DDT 44'[1148];I;;;;;;;;;Insecticide
Organochlorés;99013;Chlordécone 5b hydro;;I;PNA;;;;;;;0.1;Insecticide
Organométalliques;1776;(Code gelé en 2005 Acetate de triphenyletain);;;;;;;;;;;
Organométalliques;1778;(Code gelé en 2011 Fentine hydroxyde);Fentine hydroxyde;F,H,M;PNA;;;;76-87-9;2003-01-10;C18H16OSn;0.1;Fongicide, Herbicide, Mollusticide
Organométalliques;1844;Diméthylarsinate de sodium;Diméthylarsinate de sodium;H;PNA;;;;124-65-2;;C2H6AsNaO2;0.1;Herbicide
Organométalliques;1975;Fosetyl-aluminium;fosetyl-aluminium;F;PA;;;;39148-24-8;;C6H18AlO9P3;0.1;Fongicide
Organométalliques;2078;Fenbutatin oxyde;Fenbutatin oxyde;I,A;PA;;;;13356-08-6;;C60 H78 O Sn2;0.1;Insecticide, Acaricide
Organométalliques;2091;Fentine hydroxyde;Fentine hydroxyde;F;PNA;;;;76-87-9;2003-01-10;C18H16OSn;0.1;Fongicide
Organométalliques;2092;Fentine acetate;Fentine acetate;F;PNA;;;;900-95-8;2003-01-10;C20H18O2Sn;0.1;Fongicide
Organométalliques;2979;Cyhexatin;;I,A;PNA;;;;13121-70-5;2009-04-10;;0.1;Insecticide, Acaricide
Organométalliques;5317;Cacodylic acid;Oxyde hydroxydimethylarsine;H;;;;;75-60-5;;;0.1;Herbicide
Organométalliques;5593;Azocyclotin;;I,A;PNA;;;;41083-11-8;2009-04-10;;0.1;Insecticide, Acaricide
Organométalliques;8988;Fosetyl aluminium;;F;;;;;39148-24-8;;C6H18AlO9P3;0.1;Fongicide
Organophosphorés;1083;Chlorpyriphos-éthyl;Chlorpyriphos-éthyl;I;PA;;;;2921-88-2;;C9H11Cl3NO3PS;0.1;Insecticide
Organophosphorés;1100;Acéphate;Acéphate;I;PNA;;;;30560-19-1;2004-09-26;C4H10NO3PS;0.1;Insecticide
Organophosphorés;1110;Azinphos éthyl;Azinphos éthyl;I,A;PNA;;;;2642-71-9;1996-01-13;C12H16N3O3PS2;0.1;Insecticide, Acaricide
Organophosphorés;1111;Azinphos méthyl;Azinphos méthyl;I,A;PNA;;;;86-50-0;2007-12-31;C10H12N3O3PS2;0.1;Insecticide, Acaricide
Organophosphorés;1123;Bromophos éthyl;Bromophos éthyl;I;PNA;;;;4824-78-6;1991-01-01;C10H12BrCl2O3PS;0.1;Insecticide
Organophosphorés;1124;Bromophos méthyl;Bromophos méthyl;I;PNA;;;;2104-96-3;1991-01-01;C8H8BrCl2O3PS;0.1;Insecticide
Organophosphorés;1131;Carbophénothion;Carbophénothion;I;PNA;;;;786-19-6;2003-07-25;C11H16ClO2PS3;0.1;Insecticide
Organophosphorés;1134;Chlorméphos;Chlorméphos;I;PNA;;;;24934-91-6;2007-12-31;C5H12ClO2PS2;0.1;Insecticide
Organophosphorés;1150;Déméton-O;Déméton-O;I;PNA;;;;298-03-3;;C8H19O3PS2;0.1;Insecticide
Organophosphorés;1151;Déméton-O-Méthyl;Déméton-O-Méthyl;I;PNA;;;;867-27-6;;C6H15O3PS2;0.1;Insecticide
Organophosphorés;1152;Déméton-S;Déméton-S;I,A;PNA;;;;126-75-0;;C8H19O3PS2;0.1;Insecticide, Acaricide
Organophosphorés;1153;Déméton-S-Méthyl;Déméton-S-Méthyl;I,A;PNA;;;;919-86-8;;C6H15O3PS2;0.1;Insecticide, Acaricide
Organophosphorés;1154;Déméton-S-méthylsulfone;Déméton-S-méthylsulfone;I;PNA;;;;17040-19-6;1996-01-01;C6H15O5PS2;0.1;Insecticide
Organophosphorés;1157;Diazinon;Diazinon;I,A;PNA;;;;333-41-5;2008-01-12;C12H21N2O3PS;0.1;Insecticide, Acaricide
Organophosphorés;1170;Dichlorvos;Dichlorvos;I,A;PNA;;;;62-73-7;2008-01-12;C4H7Cl2O4P;0.1;Insecticide, Acaricide
Organophosphorés;1174;(Code gelé Ethion);Ethion;I,A;PNA;;;;563-12-2;2003-12-31;C9H22O4P2S4;0.1;Insecticide, Acaricide
Organophosphorés;1175;Diméthoate;Diméthoate;I,A;PA;;;;60-51-5;;C5H12NO3PS2;0.1;Insecticide, Acaricide
Organophosphorés;1180;Endothion;Endothion;I;PNA;;;;2778-04-03 00:00:00;;C9H13O6PS;0.1;Insecticide
Organophosphorés;1183;Ethion;Ethion;I,A;PNA;;;;563-12-2;2003-12-31;C9H22O4P2S4;0.1;Insecticide, Acaricide
Organophosphorés;1186;Fenchlorphos;Fenchlorphos;I;PNA;;;;299-84-3;;C8H8Cl3O3PS;0.1;Insecticide
Organophosphorés;1187;Fénitrothion;Fénitrothion;I;PNA;;;;122-14-5;2008-11-20;C9H12NO5PS;0.1;Insecticide
Organophosphorés;1190;Fenthion;Fenthion;I;PNA;;;;55-38-9;2005-01-08;C10H15O3PS2;0.1;Insecticide
Organophosphorés;1210;Malathion;Malathion;I,A;PA;;;;121-75-5;2008-01-12;C10H19O6PS2;0.1;Insecticide, Acaricide
Organophosphorés;1217;Méthidathion;Méthidathion;I,A;PNA;;;;950-37-8;2007-12-31;C6H11N2O4PS3;0.1;Insecticide, Acaricide
Organophosphorés;1220;Méthyl trithion;Méthyl Trithion;I,A;PNA;;;;953-17-3;;C9H12ClO2PS3;0.1;Insecticide, Acaricide
Organophosphorés;1226;Mévinphos;Mévinphos;I,A;PNA;;;;7786-34-7;2003-12-31;C7H13O6P;0.1;Insecticide, Acaricide
Organophosphorés;1230;Ométhoate;Ométhoate;I,A;PNA;;;;1113-02-6;2003-12-31;C5H12NO4PS;0.1;Insecticide, Acaricide
Organophosphorés;1231;Oxydéméton-méthyl;Oxydéméton-méthyl;I;PA;;;;301-12-2;;C6H15O4PS2;0.1;Insecticide
Organophosphorés;1232;Parathion éthyl;Parathion éthyl;I,A;PNA;;;;56-38-2;2002-01-10;C10H14NO5PS;0.1;Insecticide, Acaricide
Organophosphorés;1233;Parathion méthyl;Parathion méthyl;I;PNA;;;;298-00-0;2004-01-01;C8H10NO5PS;0.1;Insecticide
Organophosphorés;1237;Phosalone;Phosalone;I,A;PNA;;;;2310-17-0;2008-06-22;C12H15ClNO4PS2;0.1;Insecticide, Acaricide
Organophosphorés;1238;Phosphamidon;Phosphamidon;I,A;PNA;;;;13171-21-6;2003-12-31;C10H19ClNO5P;0.1;Insecticide, Acaricide
Organophosphorés;1255;Propargite;Propargite;I,A;PNA;;;;2312-35-8;2011-12-31;C19H26O4S;0.1;Insecticide, Acaricide
Organophosphorés;1258;Pyrazophos;Pyrazophos;F;PNA;;;;13457-18-6;2001-09-09;C14H20N3O5PS;0.1;Fongicide
Organophosphorés;1260;Pyrimiphos-éthyl;Pyrimiphos-éthyl;I;PNA;;;;23505-41-1;;C13H24N3O3PS;0.1;Insecticide
Organophosphorés;1261;Pyrimiphos-méthyl;Pyrimiphos-méthyl;I,A;PA;;;;29232-93-7;;C11H20N3O3PS;0.1;Insecticide, Acaricide
Organophosphorés;1267;Terbuphos;Terbuphos;I,N;PNA;;;;13071-79-9;2004-12-31;C9H21O2PS3;0.1;Insecticide, Nématicide
Organophosphorés;1277;Tétrachlorvinphos;Tétrachlorvinphos;I,A;PNA;;;;22248-79-9;;C10H9Cl4O4P;0.1;Insecticide, Acaricide
Organophosphorés;1287;Trichlorfon;Trichlorfon;I;PA;;;;52-68-6;2008-11-20;C4H8Cl3O4P;0.1;Insecticide
Organophosphorés;1290;Vamidothion;Vamidothion;I,A;PNA;;;;2275-23-2;2003-12-31;C8H18NO4PS2;0.1;Insecticide, Acaricide
Organophosphorés;1464;Chlorfenvinphos;Chlorfenvinphos;I;PNA;;;;470-90-6;2007-12-31;C12H14Cl3O4P;0.1;Insecticide
Organophosphorés;1475;Code gelé en 1998 (Chlorpyrifos);;;;;;;;;;0.1;
Organophosphorés;1492;Disulfoton;Disulfoton;I,A;PNA;;;;298-04-4;2003-12-31;C8H19O2PS3;0.1;Insecticide, Acaricide
Organophosphorés;1495;Ethoprophos;Ethoprophos;I,A;PNA;;;;13194-48-4;;C8H19O2PS2;0.1;Insecticide, Acaricide
Organophosphorés;1499;Phénamiphos;Phénamiphos;I,A;PNA;;;;22224-92-6;;C13H22NO3PS;0.1;Insecticide, Acaricide
Organophosphorés;1504;Formothion;Formothion;I,A;PNA;;;;2540-82-1;2003-12-31;C6H12NO4PS2;0.1;Insecticide, Acaricide
Organophosphorés;1516;Naled;Naled;I,A;PNA;;;;300-76-5;2007-04-30;C4H7Br2Cl2O4P;0.1;Insecticide, Acaricide
Organophosphorés;1525;Phorate;Phorate;I,A,N;PNA;;;;298-02-2;2003-12-31;C7H17O2PS3;0.1;Insecticide, Acaricide, Nématicide
Organophosphorés;1526;Glufosinate;Glufosinate;H;PNA;;;;51276-47-2;;C5H12NO4P;0.1;Herbicide
Organophosphorés;1533;Propétamphos;Propétamphos;I,A;PA;;;;31218-83-4;;C10H20NO4PS;0.1;Insecticide, Acaricide
Organophosphorés;1540;Chlorpyriphos-méthyl;Chlorpyriphos-méthyl;I;PA;;;;5598-13-0;;C7H7Cl3NO3PS;0.1;Insecticide
Organophosphorés;1550;Déméton;Déméton;I;PNA;;;;8065-48-3;;C16H38O6P2S4;0.1;Insecticide
Organophosphorés;1657;Triazophos;Triazophos;I,A,N;PNA;;;;24017-47-8;1992-01-01;C12H16N3O3PS;0.1;Insecticide, Acaricide, Nématicide
Organophosphorés;1665;Phoxime;Phoxime;I;PA;;;;14816-18-3;;C12H15N2O3PS;0.1;Insecticide
Organophosphorés;1671;Methamidophos;Methamidophos;I,A;PNA;;;;10265-92-6;2008-12-31;C2H8NO2PS;0.1;Insecticide, Acaricide
Organophosphorés;1674;Fonofos;Fonofos;I;PNA;;;;944-22-9;2003-12-31;C10H15OPS2;0.1;Insecticide
Organophosphorés;1682;Coumaphos;Coumaphos;I;PNA;;;;56-72-4;;C14H16ClO5PS;0.1;Insecticide
Organophosphorés;1716;Code gelé en 2003 (Dithiométon);Dithiométon;I,A;;;;;640-15-3;;C6H15O2PS3;0.1;Insecticide, Acaricide
Organophosphorés;1766;(Code gelé en 1998 Total Parathion);Total Parathion;I,A;SO;;;;Non renseigné;;;0.1;Insecticide, Acaricide
Organophosphorés;1816;Fosetyl;Fosetyl;F;PA;;;;15845-66-6;;C2H7O3P;0.1;Fongicide
Organophosphorés;1817;Code gelé en 2000 (Glufosinate);;;;;;;;;;0.1;
Organophosphorés;1829;Isofenphos;Isofenphos;I;PNA;;;;25311-71-1;2003-12-31;C15H24NO4PS;0.1;Insecticide
Organophosphorés;1863;Cadusafos;Cadusafos;I,N;PNA;;;;95465-99-9;2008-12-15;C10H23O2PS2;0.1;Insecticide, Nématicide
Organophosphorés;1873;EPN;EPN;I;PNA;;;;2104-64-5;;C14H14NO4PS;0.1;Insecticide
Organophosphorés;1880;Monocrotophos;Monocrotophos;I,A;PNA;;;;6923-22-4;2003-12-31;C7H14NO5P;0.1;Insecticide, Acaricide
Organophosphorés;1889;Profenofos;Profenofos;I,A;PNA;;;;41198-08-7;2003-12-31;C11H15BrClO3PS;0.1;Insecticide, Acaricide
Organophosphorés;1891;Quinalphos;Quinalphos;I,A;PNA;;;;13593-03-8;2003-12-31;C12H15N2O3PS;0.1;Insecticide, Acaricide
Organophosphorés;1894;Sulfotep;Sulfotep;I,A;PNA;;;;3689-24-5;2003-12-31;C8H20O5P2S2;0.1;Insecticide, Acaricide
Organophosphorés;1898;Téméphos;Téméphos;I;PA;;;;3383-96-8;;C16H20O6P2S3;0.1;Insecticide
Organophosphorés;1899;TEPP;TEPP(tetraEthylPyroPhosphate);I,A;PNA;;;;107-49-3;;C8H20O7P2;0.1;Insecticide, Acaricide
Organophosphorés;1910;Heptenophos;Heptenophos;I;PNA;;;;23560-59-0;2003-12-31;C9H12ClO4P;0.1;Insecticide
Organophosphorés;1971;Phosmet;phosmet;I;PA;;;;732-11-6;;C11H12NO4PS2;0.1;Insecticide
Organophosphorés;1976;Isazofos;isazofos;N;PNA;;;;42509-80-8;2003-12-31;C9H17ClN3O3PS;0.1;Nématicide
Organophosphorés;2015;Azamétiphos;Azamétiphos;I;PA;;;;35575-96-3;;C9H10ClN2O5PS;0.1;Insecticide
Organophosphorés;2025;Iodofenphos;Iodofenphos;I,A;PNA;;;;18181-70-9;;C8H8Cl2IO3PS;0.1;Insecticide, Acaricide
Organophosphorés;2071;Thiométon;Thiométon;I,A;PNA;;;;640-15-3;2004-12-31;C6H15O2PS3;0.1;Insecticide, Acaricide
Organophosphorés;2093;Ethephon;Ethephon;Reg;PA;;;;16672-87-0;;C2H6ClO3P;0.1;Régulateur de croissance
Organophosphorés;2744;Fosthiazate;;N;PA;;;;98886-44-3;;;0.1;Nématicide
Organophosphorés;5439;(Code gelé en 2007 Isazofos);isazofos;N;PNA;;;;42509-80-8;2003-12-31;C9H17ClN3O3PS;0.1;Nématicide
Organophosphorés;5525;Dicrotophos;;I;PNA;;;;141-66-2;;;0.1;Insecticide
Organophosphorés;5588;Ampropylfos;;F;PNA;;;;16606-64-7;;;0.1;Fongicide
Organophosphorés;5604;Prothoate;;I,A;PNA;;;;2275-18-5;;;0.1;Insecticide, Acaricide
Organophosphorés;5606;Pyridaphenthion;;H;PNA;;;;119-12-0;2003-12-31;;0.1;Herbicide
Organophosphorés;5624;Etofenprox;;I;PA;;;;80844-07-1;;;0.1;Insecticide
Organophosphorés;5649;Fosamine-ammonium;;H;PNA;;;;25954-13-6;2003-12-31;;0.1;Herbicide
Organophosphorés;5675;Tolclofos-methyl;;F;PA;;;;57018-04-9;;;0.1;Fongicide
Organophosphorés;5697;Amidithion;;I,A;;;;;919-76-6;;;0.1;Insecticide, Acaricide
Organophosphorés;5710;Butamifos;;H;;;;;36335-67-8;;;0.1;Herbicide
Organophosphorés;5723;Chlorthiophos;;I,A;;;;; 60238-56-4;;;0.1;Insecticide, Acaricide
Organophosphorés;5724;Crotoxyphos;;I,A;;;;;7700-17-6;;;0.1;Insecticide, Acaricide
Organophosphorés;5725;Crufomate;;I;;;;;299-86-5;;;0.1;Insecticide
Organophosphorés;5727;Cyanophos;;I;PNA;;;;2636-26-2;;;0.1;Insecticide
Organophosphorés;5731;Dicapthon;;I;;;;;2463-84-5;;;0.1;Insecticide
Organophosphorés;5745;Ditalimfos;;I,A;PNA;;;;5131-24-8;;;0.1;Insecticide, Acaricide
Organophosphorés;5751;Edifenphos;;F;PNA;;;;17109-49-8;;;0.1;Fongicide
Organophosphorés;5761;Famphur;;I;;;;;52-85-7;;;0.1;Insecticide
Organophosphorés;5765;Fensulfothion;;I;PNA;;;;115-90-2;;;0.1;Insecticide
Organophosphorés;5766;Fenthion sulfoxide;mesulfenfos;I;;;;;3761-41-9;;;0.1;Insecticide
Organophosphorés;5777;Iprobenfos;;F;PNA;;;; 26087-47-8;;;0.1;Fongicide
Organophosphorés;5784;Isoxathion;;I;PNA;;;;18854-01-8;2003-12-31;;0.1;Insecticide
Organophosphorés;5785;Leptophos;;I;PNA;;;;21609-90-5;;;0.1;Insecticide
Organophosphorés;5786;Leptophos oxon;;I;;;;;25006-32-0;;;0.1;Insecticide
Organophosphorés;5787;Malathion-o-analog;malaoxon;I;;oui;1210;Malathion;1634-78-2;;;0.1;Insecticide
Organophosphorés;5789;Mecarbam;;I;PNA;;;;2595-54-2;;;0.1;Insecticide
Organophosphorés;5790;Menazon;;I;;;;;78-57-9;;;0.1;Insecticide
Organophosphorés;5791;Mephosfolan;;I;;;;;950-10-7;;;0.1;Insecticide
Organophosphorés;5792;Methacrifos;;I,A;PNA;;;;62610-77-9;;;0.1;Insecticide, Acaricide
Organophosphorés;5793;Methyl paraoxon;;I;;oui;1233;Parathion méthyl;950-35-6;;;0.1;Insecticide
Organophosphorés;5804;Chlorthiophos sulfone;;I,A;;;;;;;;0.1;Insecticide, Acaricide
Organophosphorés;5806;Paraoxon;;I;;oui;;Parathion;311-45-5;;;0.1;Insecticide
Organophosphorés;5811;Phenkapton;;I,A;;;;;2275-14-1;;;0.1;Insecticide, Acaricide
Organophosphorés;5813;Phenthoate;;I;PNA;;;;2597-03-07 00:00:00;;;0.1;Insecticide
Organophosphorés;5814;Phosfolan;;I;;;;;947-02-4;;;0.1;Insecticide
Organophosphorés;5819;Piperophos;;H;;;;;24151-93-7;;;0.1;Herbicide
Organophosphorés;5824;Prothiofos;;I;;;;;34643-46-4;;;0.1;Insecticide
Organophosphorés;5829;S,S,S-Tributylphosphorotrithioate;;H;;;;;78-48-8;;;0.1;Herbicide
Organophosphorés;5831;Sulprofos;;I;PNA;;;;35400-43-2;;;0.1;Insecticide
Organophosphorés;5836;Tetrapropyl thiodiphosphate;;I;;;;;3244-90-4;;;0.1;Insecticide
Organophosphorés;5838;Thionazin;;N;;;;;297-97-2;;;0.1;Nématicide
Organophosphorés;5839;Triamiphos;;F;;;;;1031-47-6;;;0.1;Fongicide
Organophosphorés;5840;Tributyl phosphorotrithioite;;Reg;;;;;150-50-5;;;0.1;Régulateur de croissance
Organophosphorés;5841;Tridiphane;;H;PNA;;;;58138-08-2;;;0.1;Herbicide
Organophosphorés;6277;Somme des pesticides organophosphores;;;;;;;;;;0.1;
Organophosphorés;6558;Chlorpyrifos oxon;;;;oui;1083;Chlorpyrifos;5598-15-2;;;0.1;
Organophosphorés;6593;(Code supprimé en 2011 Pyridaphention);;I;PNA;;;;119-12-0;2003-12-31;;0.1;Insecticide
Organophosphorés;6594;Anilofos;;H;PNA;;;;64249-01-0;;;0.1;Herbicide
Organophosphorés;6595;Bensulide;;H;PNA;;;;741-58-2;;;0.1;Herbicide
Organophosphorés;6596;Isocarbophos;;I,A;PNA;;;;24353-61-5;;;0.1;Insecticide, Acaricide
Organophosphorés;6602;Bromfenvinphos;;I;;;;;33399-00-7;;;0.1;Insecticide
Organophosphorés;6604;Dimefox;;I,A;;;;;115-26-4;;;0.1;Insecticide, Acaricide
Organophosphorés;6611;Pyraclofos;;I;PNA;;;;89784-60-1;;;0.1;Insecticide
Organophosphorés;6632;Dioxabenzofos;;I;PNA;;;;3811-49-2;;;0.1;Insecticide
Organophosphorés;6947;Parathion ethyl+methyl;Total Parathion;I,A;SO;;;;;;;0.1;Insecticide, Acaricide
Organophosphorés;6964;Propaphos;Propafos;I;;;;;7292-16-2;;;0.1;Insecticide
Organophosphorés;6972;Dimethylvinphos;Dimethylvinphos;I;;;;;2274-67-1;;C10H10Cl3O4P;0.1;Insecticide
Organophosphorés;7149;Phorate sulfone;Phorsul;;PNA;;1525;Phorate;  2588-04-7;;C7H17O4PS3;0.1;
Organophosphorés;7503;Cythioate;Cythioate;I;;;;;115-93-5;;C8H12NO5PS2;0.1;Insecticide
Organophosphorés;7511;Tébupirimfos;Tébupirimfos;I;;;;;96182-53-5;;C13H23N2O3PS;0.1;Insecticide
Organophosphorés;7516;Amiprofos-methyl;;H;;;;;36001-88-4;;C11H17N2O4PS;0.1;Herbicide
Organophosphorés;11510;Total Déméthon méthyl;Total Déméthon méthyl;I;SO;;;;8022-00-2;;C12H30O6P2S4;0.1;Insecticide
Organophosphorés;12099;Total Organophosphorés;Total Organophosphorés;;;;;;Non renseigné;;;0.1;
Organophosphorés;91151;Déméthon méthyl total (calculé);;;;;;;;;;0.1;
Organophosphorés;91550;Déméton total (calculé);;;;;;;;;;0.1;
Organophosphorés;91766;Parathion total (calculé);;;;;;;;;;0.1;
Organophosphorés;99022;Chlopymifos;;I;;oui;1083;Chlorpyrifos;5598-15-2;;;0.1;Insecticide
Pyridines;1522;Paraquat;Paraquat;H;PNA;;;;4685-14-7;;C12H14N2;0.1;Herbicide
Pyridines;1663;Pyrifenox;Pyrifenox;F;PNA;;;;88283-41-4;2003-12-31;C14H12Cl2N2O;0.1;Fongicide
Pyridines;1699;Diquat;Diquat;H;PA;;;;2764-72-9;;C12H12N2;0.1;Herbicide
Pyridines;1765;Fluroxypyr;Fluroxypyr;H;PA;;;;69377-81-7;;C7H5Cl2FN2O3;0.1;Herbicide
Pyridines;1810;Clopyralide;Clopyralide;H;PA;;;;1702-17-6;;C6H3Cl2NO2;0.1;Herbicide
Pyridines;1861;Bupirimate;Bupirimate;F;PA;;;;41483-43-6;;C13H24N4O3S;0.1;Fongicide
Pyridines;1883;Nuarimol;Nuarimol;F;PNA;;;;63284-71-9;2004-12-31;C17H12ClFN2O;0.1;Fongicide
Pyridines;2024;Flurprimidol;Flurprimidol;F;PNA;;;;56425-91-3;;C15H15F3N2O2;0.1;Fongicide
Pyridines;2547;Fluroxypyr-meptyl;;H;PA;;;;81406-37-3;;C15H21Cl2FN2O3;0.1;Herbicide
Pyridines;2965;Triclopyr méthyl ester;;I;;;;;60825-26-5;;;0.1;Insecticide
Pyridines;2984;Fluazinam;;F;PA;;;;79622-59-6;;;0.1;Fongicide
Pyridines;5533;Mepanipyrim;;F;PA;;;;110235-47-7;;C14-H13-N3;0.1;Fongicide
Pyridines;5760;Etrimfos;;I;PNA;;;;38260-54-7;;;0.1;Insecticide
Pyridines;12246;Fluoroxypir-1-méthylheptil ester;Fluoroxypir-1-méthylheptil ester;H;PA;;;;81406-37-3;;C15H21Cl2FN2O3;0.1;Herbicide
Pyréthrinoïdes;1120;Bifenthrine;Bifenthrine;I;PNA;;;;82657-04-3;2013-01-11;C23H22ClF3O2;0.1;Insecticide
Pyréthrinoïdes;1138;Cyhalothrine;Cyhalothrine;I;PNA;;;;68085-85-8;1995-12-03;C23H19ClF3NO3;0.1;Insecticide
Pyréthrinoïdes;1140;Cyperméthrine;Cyperméthrine;I;PA;;;;52315-07-8;;C22H19Cl2NO3;0.1;Insecticide
Pyréthrinoïdes;1149;Deltaméthrine;Deltaméthrine;I;PA;;;;52918-63-5;;C22H19Br2NO3;0.1;Insecticide
Pyréthrinoïdes;1188;Fenpropathrine;Fenpropathrine;I,A;PNA;;;;64257-84-7;2008-12-31;C22H23NO3;0.1;Insecticide, Acaricide
Pyréthrinoïdes;1193;Fluvalinate-tau;Fluvalinate-tau;I,A;PA;;;;102851-06-9;;C26H22ClF3N2O3;0.1;Insecticide, Acaricide
Pyréthrinoïdes;1310;Acrinathrine;Acrinathrine;I,A;PA;;;;101007-06-1;;C26H21F6NO5;0.1;Insecticide, Acaricide
Pyréthrinoïdes;1502;Bioresméthrine;Bioresméthrine;I;PNA;;;;28434-01-7;;C22H26O3;0.1;Insecticide
Pyréthrinoïdes;1523;Perméthrine;Perméthrine;I;PA;;;;52645-53-1;;C21H20Cl2O3;0.1;Insecticide
Pyréthrinoïdes;1658;Tralométhrine;Tralométhrine;I;PNA;;;;66841-25-6;2003-12-31;C22H19Br4NO3;0.1;Insecticide
Pyréthrinoïdes;1681;Cyfluthrine;Cyfluthrine;I;PA;;;;68359-37-5;;C22H18Cl2FNO3;0.1;Insecticide
Pyréthrinoïdes;1697;Depalléthrine/allethrine;Depalléthrine;I;PNA;;;;584-79-2;;C19H26O3;0.1;Insecticide
Pyréthrinoïdes;1701;Fenvalérate;Fenvalérate;I,A;PNA;;;;51630-58-1;;C25H22ClNO3;0.1;Insecticide, Acaricide
Pyréthrinoïdes;1809;Esfenvalerate;Esfenvalerate;I;PA;;;;66230-04-4;;C25H22ClNO3;0.1;Insecticide
Pyréthrinoïdes;1812;Alpha-cyperméthrine/alphaméthrine;Alphaméthrine;I;PA;;;;67375-30-8;;C22H19Cl2NO3;0.1;Insecticide
Pyréthrinoïdes;1953;Tefluthrine;TEFLUTHRINE;I;PA;;;;79538-32-2;;C17H14ClF7O2;0.1;Insecticide
Pyréthrinoïdes;2061;Fenothrine;Fenothrine;I;PNA;;;;26002-80-2;;C23H26O3;0.1;Insecticide
Pyréthrinoïdes;2062;Pyrethrine;Pyrethrine;I,A;PA;;;;8003-34-7;;C(20-22)-H(28-30)-O(3-5);0.1;Insecticide, Acaricide
Pyréthrinoïdes;2859;Resméthrine;;I;PNA;;;;10453-86-8;;;0.1;Insecticide
Pyréthrinoïdes;2862;Flucythrinate;;I,A;PNA;;;;70124-77-5;;;0.1;Insecticide, Acaricide
Pyréthrinoïdes;3209;Betacyfluthrine;;I;PA;;;;68359-37-5;;C22H18Cl2FNO3;0.1;Insecticide
Pyréthrinoïdes;5682;Perméthrine cis;;I;;;;;;;;0.1;Insecticide
Pyréthrinoïdes;5683;Perméthrine trans;;I;;;;;;;;0.1;Insecticide
Pyréthrinoïdes;6629;Cyphenothrin;;I;;;;;39515-40-7;;;0.1;Insecticide
Pyréthrinoïdes;7999;Total Pyréthrénoides;Total Pyréthrénoides;;;;;;Non renseigné;;;0.1;
Pyréthrinoïdes;91523;Perméthryne total (calculé);;I;;;;;;;;0.1;Insecticide
Quinazolinones;7422;Proquinazid;Proquinazid;F;PA;;;;189278-12-4;;C14H7IN2O2;0.1;Fongicide
Triazines et métabolites;1104;Amétryne;Amétryne;H;PNA;;;;834-12-8;2003-01-10;C9H17N5S;0.1;Herbicide
Triazines et métabolites;1107;Atrazine;Atrazine;H;PNA;;;;1912-24-9;2003-01-10;C8H14ClN5;0.1;Herbicide
Triazines et métabolites;1108;Atrazine déséthyl;Atrazine déséthyl;H;PNA;oui;1107;Atrazine;6190-65-4;2003-01-10;C6H10ClN5;0.1;Herbicide
Triazines et métabolites;1109;Atrazine déisopropyl;Simazine Déséthyl;H;PNA;oui;1107;Atrazine;1007-28-9;2003-01-10;C5H8ClN5;0.1;Herbicide
Triazines et métabolites;1137;Cyanazine;Cyanazine;H;PNA;;;;21725-46-2;2003-09-30;C9H13ClN6;0.1;Herbicide
Triazines et métabolites;1155;Desmétryne;Desmétryne;H;PNA;;;;1014-69-3;2003-12-31;C8H15N5S;0.1;Herbicide
Triazines et métabolites;1194;Flusilazole;Flusilazole;F;PNA;;;;85509-19-9;;C16H15F2N3Si;0.1;Fongicide
Triazines et métabolites;1215;Métamitrone;Métamitrone;H;PA;;;;41394-05-2;;C10H10N4O;0.1;Herbicide
Triazines et métabolites;1219;Méthoprotryne;Méthoprotryne;H;PNA;;;;841-06-5;;C11H21N5OS;0.1;Herbicide
Triazines et métabolites;1225;Métribuzine;Métribuzine;H;PA;;;;21087-64-9;;C8H14N4OS;0.1;Herbicide
Triazines et métabolites;1254;Prométryne;Prométryne;H;PNA;;;;7287-19-6;2007-12-31;C10H19N5S;0.1;Herbicide
Triazines et métabolites;1256;Propazine;Propazine;H;PNA;;;;139-40-2;;C9H16ClN5;0.1;Herbicide
Triazines et métabolites;1262;Secbuméton;Secbuméton;H;PNA;;;;26259-45-0;;C10H19N5O;0.1;Herbicide
Triazines et métabolites;1263;Simazine;Simazine;H;PNA;;;;122-34-9;2003-01-10;C7H12ClN5;0.1;Herbicide
Triazines et métabolites;1266;Terbuméton;Terbuméton;H;PNA;;;;33693-04-8;1999-01-01;C10H19N5O;0.1;Herbicide
Triazines et métabolites;1268;Terbuthylazine;Terbuthylazine;H;PNA;;;;5915-41-3;2004-01-07;C9H16ClN5;0.1;Herbicide
Triazines et métabolites;1269;Terbutryne;Terbutryne;H;PNA;;;;886-50-0;2004-12-31;C10H19N5S;0.1;Herbicide
Triazines et métabolites;1282;Total Triazines;Total Triazines;H;SO;;;;290-87-9;;C3H3N3;0.1;Herbicide
Triazines et métabolites;1298;(Code gelé en 2005 Simazine déséthyl);Atrazine déisopropyl;;;oui;1263;Simazine;1007-28-9;;C5H8ClN5;0.1;
Triazines et métabolites;1673;Hexazinone;Hexazinone;H;PNA;;;;51235-04-2;2007-12-31;C12H20N4O2;0.1;Herbicide
Triazines et métabolites;1711;Prométone;Prométone;H;;;;;1610-18-0;;C10H19N5O;0.1;Herbicide
Triazines et métabolites;1830;Déisopropyl-déséthyl-atrazine;Déisopropyl-déséthyl-atrazine;;;oui;1107;atrazine;3397-62-4;;C3H4ClN5;0.1;
Triazines et métabolites;1831;Simazine-hydroxy;Simazine-hydroxy;;;oui;1263;Simazine;2599-11-03 00:00:00;;C7H13N5O;0.1;
Triazines et métabolites;1832;2-hydroxy atrazine;atrazine-2-hydroxy;;;oui;1107;Atrazine;2163-68-0;;C8H15N5O;0.1;
Triazines et métabolites;1868;Clofentézine;Clofentézine;I,A;PA;;;;74115-24-5;;C14H8Cl2N4;0.1;Insecticide, Acaricide
Triazines et métabolites;1923;Sébuthylazine;Sébuthylazine;H;PNA;;;;7286-69-3;;C9H16ClN5;0.1;Herbicide
Triazines et métabolites;1935;Irgarol;Irgarol;H;;;;;28159-98-0;;C11H17N5S;0.1;Herbicide
Triazines et métabolites;1954;Hydroxyterbuthylazine;Hydroxyterbuthylazine;;;oui;1268;Terbuthylazine;66753-07-9;;C9H17ON5;0.1;
Triazines et métabolites;2045;Terbuthylazine déséthyl;Terbuthylazine déséthyl;;;oui;1268;terbutylazine;30125-63-4;;C7H12ClN5;0.1;
Triazines et métabolites;2051;Déséthyl-terbuméton;Déséthyl-terbuméton;;;oui;1266;Terbuméton;30125-64-5;;C8H15N5O;0.1;
Triazines et métabolites;2897;Cyromazine;;I,A;PA;;;;66215-27-8;;C6-H10-N6;0.1;Insecticide, Acaricide
Triazines et métabolites;3159;2-hydroxy-desethyl-Atrazine;Atrazine déséthyl-2-hydroxy;;;oui;1107;Atrazine;19988-24-0;;;0.1;
Triazines et métabolites;3160;s-Triazin-2-ol, 4-amino-6-(ethylamino)- (8CI);Atrazine déisopropyl-2-hydroxy;;;probable;1107;atrazine;7313-54-4;;;0.1;
Triazines et métabolites;5477;Simétryne;;H;;;;;1014-70-6;;;0.1;Herbicide
Triazines et métabolites;5590;Anilazine;;F;PNA;;;;101-05-3;;;0.1;Fongicide
Triazines et métabolites;5698;Atraton;;H;;;;;1610-17-9;;;0.1;Herbicide
Triazines et métabolites;5699;Aziprotryne;;H;;;;;4658-28-0;;;0.1;Herbicide
Triazines et métabolites;5728;Cyprazine;;I;;;;;22936-86-3;;;0.1;Insecticide
Triazines et métabolites;5737;Dimethametryn;;H;;;;;22936-75-0;;;0.1;Herbicide
Triazines et métabolites;5744;Dipropetryn;;H;;;;;4147-51-7;;;0.1;Herbicide
Triazines et métabolites;5750;Desethylterbutylazine-2-hydroxy;;;;oui;1268;terbuthylazine;21087-57-0;;C7-H13-N5-O;0.1;
Triazines et métabolites;5842;Trietazine;;H;;;;;1912-26-1;;;0.1;Herbicide
Triazines et métabolites;5844;Tycor;;H;;;;;64529-56-2;;;0.1;Herbicide
Triazines et métabolites;5971;Trietazine desethyl;;;;probable;5842;Trietazine;38902-68-0;;;0.1;
Triazines et métabolites;6101;Sebuthylazine 2-hydroxy;;;;probable;1923;sebutylazine;33124-61-7;;;0.1;
Triazines et métabolites;6102;Trietazine 2-hydroxy;;;;probable;5842;Trietazine;15352-25-7;;;0.1;
Triazines et métabolites;6111;2H-1,4-Benzoxazin-3(4H)-one;;;;;;;5466-88-6;;;0.1;
Triazines et métabolites;6282;Somme de l'atrazine et de ses metabolites;;;;;;;;;;0.1;
Triazines et métabolites;6283;Somme terbuthyazin metabo;;;;;;;;;;0.1;
Triazines et métabolites;7150;Terbuthylazine desethyl-2-hydroxy;Terbuthyl des hydroxy;H;PNA;oui;1268;Terbuthylazine;66753-06-8;;C7H13N5O;0.1;Herbicide
Triazines et métabolites;12118;Hydroxyatrazine;Hydroxyatrazine;;;probable;1107;Atrazine;2163-68-0;;C8H15N5O;0.1;
Triazines et métabolites;12119;Atrazine déséthyl-2-hydroxy;Atrazine déséthyl-2-hydroxy;;;probable;1107;Atrazine;Non renseigné;;;0.1;
Triazines et métabolites;12120;Atrazine déisopropyl-2-hydroxy;Atrazine déisopropyl-2-hydroxy;;;probable;1107;Atrazine;Non renseigné;;;0.1;
Triazines et métabolites;12121;Deisopropyldeethylatrazine;Deisopropyldeethylatrazine;;;;;;3397-62-4;;C3H4ClN5;0.1;
Triazoles;7482;Uniconazole;Uniconazole;F;PNA;;;;83657-22-1;;C15H18CLN3O;0.1;Fongicide
Triazoles;7510;Imibenconazole;Imibenconazole;F;PNA;;;;86598-92-7;;C17H13Cl3N4S;0.1;Fongicide
Triazoles;7517;Thiencarbazone-methyl;Thiencarbazone-methyl;H;PA;;;;317815-83-1;;C12H14N4O7S2;0.1;Herbicide
Triazolopyrimidines sulfonamides;7340;Pyroxsulam;kloquintocet-mexyl;H,G;;;;;422556-08-9;;;0.1;Herbicide, Graminicide
Urées;1136;Chlortoluron;Chlortoluron;H;PA;;;;15545-48-9;;C10H13ClN2O;0.1;Herbicide
Urées;1177;Diuron;Diuron;H;PNA;;;;330-54-1;2008-12-13;C9H10Cl2N2O;0.1;Herbicide
Urées;1177;Diuron desmethyl;Diuron desmethyl;;;;;;Non renseigné;;;0.1;
Urées;1208;Isoproturon;Isoproturon;H;PA;;;;34123-59-6;;C12H18N2O;0.1;Herbicide
Urées;1208;Isoproturon desmethyl;Isoproturon desmethyl;;;oui;1208;Isoproturon;Non renseigné;;;0.1;
Urées;1209;Linuron;Linuron;H;PA;;;;330-55-2;;C9H10Cl2N2O2;0.1;Herbicide
Urées;1216;Méthabenzthiazuron;Méthabenzthiazuron;H;PNA;;;;18691-97-9;2009-12-31;C10H11N3OS;0.1;Herbicide
Urées;1222;Métoxuron;Métoxuron;H;PNA;;;;19937-59-8;2007-12-31;C10H13ClN2O2;0.1;Herbicide
Urées;1227;Monolinuron;Monolinuron;H;PNA;;;;1746-81-2;2001-09-09;C9H11ClN2O2;0.1;Herbicide
Urées;1228;Monuron;Monuron;H;PNA;;;;150-68-5;;C9H11ClN2O;0.1;Herbicide
Urées;1353;Chlorsulfuron;Chlorsulfuron;H;PA;;;;64902-72-3;;C12H12ClN5O4S;0.1;Herbicide
Urées;1488;Diflubenzuron;Diflubenzuron;I;PA;;;;35367-38-5;;C14H9ClF2N2O2;0.1;Insecticide
Urées;1500;Fénuron;Fénuron;H;PNA;;;;101-42-8;;C9H12N2O;0.1;Herbicide
Urées;1501;Fluométuron;Fluométuron;H;PNA;;;;2164-17-2;;C10H11F3N2O;0.1;Herbicide
Urées;1515;Métobromuron;Métobromuron;H;PNA;;;;3060-89-7;2003-12-31;C9H11BrN2O2;0.1;Herbicide
Urées;1520;Néburon;Néburon;H;PNA;;;;555-37-3;2000-01-01;C12H16Cl2N2O;0.1;Herbicide
Urées;1531;Buturon;Buturon;H;PNA;;;;3766-60-7;;C12H13ClN2O;0.1;Herbicide
Urées;1542;Tébuthiuron;Tébuthiuron;H;PNA;;;;34014-18-1;;C9H16N4OS;0.1;Herbicide
Urées;1683;Chloroxuron;Chloroxuron;H;PNA;;;;1982-47-4;2003-12-31;C15H15ClN2O2;0.1;Herbicide
Urées;1696;Cycluron;Cycluron;H;PNA;;;;2163-69-1;;C11H22N2O;0.1;Herbicide
Urées;1714;Thiazafluron;Thiazafluron;H;PNA;;;;25366-23-8;2004-12-31;C6H7F3N4OS;0.1;Herbicide
Urées;1763;Ethidimuron;Ethidimuron;H;PNA;;;;30043-49-3;2003-12-31;C7H12N4O3S2;0.1;Herbicide
Urées;1797;Metsulfuron méthyle;Metsulfuron méthyle;H;PA;;;;74223-64-6;;C14H15N5O6S;0.1;Herbicide
Urées;1870;Diméfuron;Diméfuron;H;PNA;;;;34205-21-5;2003-12-31;C15H19ClN4O3;0.1;Herbicide
Urées;1875;Hexaflumuron;Hexaflumuron;I;PNA;;;;86479-06-3;2004-12-31;C16H8Cl2F6N2O3;0.1;Insecticide
Urées;1882;Nicosulfuron;Nicosulfuron;H;PA;;;;111991-09-4;;C15H18N6O6S;0.1;Herbicide
Urées;1887;Pencycuron;Pencycuron;F;PA;;;;66063-05-6;;C19H21ClN2O;0.1;Fongicide
Urées;1892;Rimsulfuron;Rimsulfuron;H;PA;;;;122931-48-0;;C14H17N5O7S2;0.1;Herbicide
Urées;1893;Siduron;Siduron;H;PNA;;;;1982-49-6;2003-12-31;C14H20N2O;0.1;Herbicide
Urées;1897;Téflubenzuron;Téflubenzuron;I;PNA;;;;83121-18-0;;C14H6Cl2F4N2O2;0.1;Insecticide
Urées;1902;Triflumuron;Triflumuron;I;PA;;;;64628-44-0;;C15H10ClF3N2O3;0.1;Insecticide
Urées;1913;Thifensulfuron méthyl;Thifensulfuron méthyl;H;PA;;;;79277-27-3;;C12H13N5O6S2;0.1;Herbicide
Urées;1914;Triasulfuron;Triasulfuron;H;PNA;;;;82097-50-5;;C14H16ClN5O5S;0.1;Herbicide
Urées;1929;1-(3,4-dichlorophényl)-3-méthyl-urée;Demethyl Diuron;H;;oui;1177;Diuron;3567-62-2;;C8H8Cl2N2O;0.1;Herbicide
Urées;1930;3,4-dichlorophénylurée;Didemethyldiuron;;;oui;1177;Diuron;2327-02-08 00:00:00;;C7H6Cl2N2O;0.1;
Urées;1939;Flazasulfuron;Flazasulfuron;H;PA;;;;104040-78-0;;C13H12F3N5O5S;0.1;Herbicide
Urées;2012;Amidosulfuron;Amidosulfuron;H;PA;;;;103055-07-8;;C9H15N5O7S2;0.1;Herbicide
Urées;2016;Chlorbromuron;Chlorbromuron;H;PNA;;;;13360-45-7;;C9H10BrClN2O2;0.1;Herbicide
Urées;2026;Lufénuron;Lufénuron;I;PNA;;;;103055-07-8;2011-12-30;C17H8Cl2F8N2O3;0.1;Insecticide
Urées;2064;Tribenuron-Methyle;Tribenuron-Methyle;H;PA;;;;101200-48-0;;C15H17N5O6S;0.1;Herbicide
Urées;2085;Sulfosulfuron;Sulfosulfuron;H;PA;;;;141776-32-1;;C16H18N6O7S2;0.1;Herbicide
Urées;2086;(Code gelé en 2003 3,4-dichlorophenylurée);3,4-dichlorophenylurée;;;oui;1177;Diuron;2327-02-08 00:00:00;;C7H6Cl2N2O;0.1;
Urées;2534;Prosulfuron;Prosulfuron;H;PA;;;;94125-34-5;;C15H16F6N5O4S;0.1;Herbicide
Urées;2563;Iodosulfuron;iodosulfuron methyl sodium;H;PA;;;;144550-36-7;;C14H13IN5NaO6S;0.1;Herbicide
Urées;2565;Flupyrsulfuron méthyle;;H;PA;;;;144740-54-5;;C15H13F3N5O7SNa;0.1;Herbicide
Urées;2578;Mesosulfuron methyle;;H;PA;;;;208465-21-8;;;0.1;Herbicide
Urées;2738;Desméthylisoproturon;;;;oui;1208;Isoproturon;34123-57-4;;C12H18N2O;0.1;
Urées;2806;Foramsulfuron;;H;PA;;;;173159-57-4;;C17H2ON6O7S;0.1;Herbicide
Urées;2848;(Code gelé en 2009 (Demethyldiuron));;;;oui;1177;Diuron;;;;0.1;
Urées;2849;(Code gelé en 2010 Didemethyldiuron);;;;oui;1177;Diuron;;;;0.1;
Urées;2869;(Code gelé en 2009 1 4 isopropyl phényl urée);1 4 isopropyl phényl urée;;;oui;1208;Isoproturon;56046-17-4;;;0.1;
Urées;2934;1-(3-chloro-4-methylphenyl)uree;methylphen;;;probable;1177;Diuron;Non renseigné;;;0.1;
Urées;2937;Azimsulfuron;;H;PA;;;;120162-55-2;;;0.1;Herbicide
Urées;2950;Chlorfluazuron;;I;PNA;;;;71422-67-8;;;0.1;Insecticide
Urées;2991;Triflusulfuron-methyl;;H;PA;;;;126535-15-7;;;0.1;Herbicide
Urées;5480;Ethylthiouree;;;;oui;1211;mancozebe;625-53-6;;C3-H8-N2-S;0.1;
Urées;5481;Cinosulfuron;;H;PNA;;;;94593-91-6;2004-12-31;C15-H19-N5-O7-S;0.1;Herbicide
Urées;5484;Ethyluree;;;;oui;1211 et 1705;mancozebe et manèbe;625-52-5;;C3-H8-N2-O;0.1;
Urées;5488;Primisulfuron methyl;;H;PNA;;;;86209-51-0;;;0.1;Herbicide
Urées;5507;Sulfomethuron-methyl;;H;PNA;;;;74222-97-2;;;0.1;Herbicide
Urées;5508;Halosulfuron-methyl;;H;;;;; 100784-20-1;;;0.1;Herbicide
Urées;5510;Oxasulfuron;;H;PNA;;;;144651-06-9;;;0.1;Herbicide
Urées;5512;Bensulfuron-methyl;londax;H;PA;;;;83055-99-6;;;0.1;Herbicide
Urées;5522;Chlorimuron-ethyl;;H;;oui;;chlorimuron;90982-32-4;;;0.1;Herbicide
Urées;5524;Difenoxuron;Pinoran, Lironion;H;;;;;14214-32-5;;;0.1;Herbicide
Urées;5527;Ethoxysulfuron;;H;PNA;;;;126801-58-9;;;0.1;Herbicide
Urées;5529;Ethametsulfuron-methyl;;H;PNA;;;;;;;0.1;Herbicide
Urées;5722;Chlorthion;;I;;;;;500-28-7;;;0.1;Insecticide
Urées;5795;Methyldymron;;H;;;;;42609-73-4;;;0.1;Herbicide
Urées;5929;1-(4-chlorophényl)urée;1-4-cpurée;H;;;;;140-38-5;;;0.1;Herbicide
Urées;5930;Daimuron;;H;;;;;42609-52-9;;;0.1;Herbicide
Urées;5934;Thidiazuron;;H;PNA;;;;51707-55-2;2009-04-10;;0.1;Herbicide
Urées;5968;Propazine 2-hydroxy;;H;;probable;1256;Propazine;7374-53-0;;;0.1;Herbicide
Urées;5969;Forchlorfenuron;;Reg;;;;;68157-60-8;;;0.1;Régulateur de croissance
Urées;5981;Sebutylazine desethyl;;H;;oui;1923;sebutylazine;;;;0.1;Herbicide
Urées;6214;Propylene thiouree;;;;oui;;;2122-19-2;;;0.1;
Urées;6385;Pyrazosulfuron;;H;;;;;98389-04-9;;;0.1;Herbicide
Urées;6386;Pyrazosulfuron-ethyl;;H;PNA;;;;93697-74-6;;;0.1;Herbicide
Urées;6391;Cumyluron;;H;;;;;99485-76-4;;;0.1;Herbicide
Urées;6483;iodosulfuron-methyl-sodium;;;;oui;2563;Iodosulfuron;;;;0.1;
Urées;6597;Isonoruron [Iso];;H;;;;;28805-78-90;;;0.1;Herbicide
Urées;6807;Pyrimidinamine;Pyrimidina;H;PA;oui;2085;Sulfosulfuron [2085;27043-39-6;;C4H5N3 ;0.1;Herbicide
Urées;6815;Mesosulfuron;;H;;;;;400852-66-6;;C16H19N5O9S2;0.1;Herbicide
Urées;7515;Diphenylurée;Carbanilide;;;;;;102-07-8;;C13H12N2O;0.1;
Urées;9050;3,4-dichlorophenylurée;3,4-dichlorophenylurée;;;oui;1177;Diuron;2327-02-08 00:00:00;;C7H6Cl2N2O;0.1;
Urées;9051;1-(4-isopropyl phényl)-3-méthylurée;Monodesmethylisoproturon;;;oui;1208;Isoproturon;34123-57-4;;;0.1;
Urées;9052;1 4 isopropyl phényl urée;1 4 isopropyl phényl urée;;;oui;1208;Isoproturon;Non renseigné;;;0.1;
Urées;9054;1-(3,4dichlorophényl)-urée;Didemethyldiuron;;;oui;1177;Diuron;2327-02-08 00:00:00;;;0.1;
Urées;9055;1-(3-chloro,4-méthyl phényl)-urée;methylphen;;;probable;1177;Diuron;Non renseigné;;;0.1;
Urées;99011;Isoproturon-1CH3;;H;;;;;;;;0.1;Herbicide
Urées;99012;Isoproturon-2CH3;;H;;;;;;;;0.1;Herbicide
